dedo1,dedo2,dedo3,dedo4,dedo5,posicion_mano,movimiento,letra
751,79,153,66,128,0.85,False,a
733,81,144,67,124,0.84,False,a
779,77,144,67,121,0.85,False,a
776,80,153,66,123,0.84,False,a
777,77,144,66,127,0.84,False,a
740,80,153,68,130,0.85,False,a
757,76,141,68,136,0.85,False,a
709,79,146,69,124,0.84,False,a
714,81,153,70,138,0.85,False,a
726,77,153,70,136,0.85,False,a
754,77,148,72,136,0.85,False,a
763,79,150,73,144,0.85,False,a
767,80,146,73,127,0.84,False,a
757,82,155,71,127,0.86,False,a
705,80,148,70,130,0.85,False,a
766,83,157,70,138,0.85,False,a
771,82,157,70,131,0.85,False,a
761,77,153,68,130,0.86,False,a
736,77,171,67,130,0.85,False,a
733,80,162,66,125,0.86,False,a
769,79,148,65,124,0.85,False,a
750,84,155,65,127,0.85,False,a
772,80,162,67,138,0.85,False,a
775,81,144,70,128,0.85,False,a
760,83,155,69,127,0.86,False,a
730,81,153,69,141,0.85,False,a
731,82,153,75,131,0.84,False,a
763,79,155,69,131,0.86,False,a
780,80,148,68,127,0.85,False,a
757,79,144,68,141,0.87,False,a
0,825,999,999,826,0.74,False,b
0,831,999,999,840,0.72,False,b
0,823,999,999,798,0.74,False,b
0,838,999,999,808,0.75,False,b
0,832,999,999,816,0.74,False,b
0,843,999,999,830,0.73,False,b
0,856,999,999,832,0.74,False,b
0,818,999,999,845,0.74,False,b
0,837,999,999,837,0.72,False,b
0,813,999,999,837,0.74,False,b
0,832,999,999,843,0.74,False,b
0,853,999,999,836,0.74,False,b
0,850,999,999,845,0.74,False,b
0,854,999,999,824,0.74,False,b
0,874,999,999,836,0.73,False,b
0,915,999,999,845,0.74,False,b
0,891,999,999,824,0.74,False,b
0,917,999,999,839,0.73,False,b
0,883,999,999,808,0.74,False,b
0,867,999,999,821,0.75,False,b
0,867,999,999,813,0.75,False,b
0,840,999,999,833,0.75,False,b
0,829,999,999,826,0.72,False,b
0,835,999,999,842,0.76,False,b
0,842,999,999,826,0.75,False,b
0,802,999,999,814,0.73,False,b
0,810,999,999,819,0.73,False,b
0,808,999,999,830,0.74,False,b
0,832,999,999,810,0.75,False,b
0,828,999,999,795,0.76,False,b
999,244,854,297,724,1.0,False,c
999,248,852,297,740,1.03,False,c
999,248,859,280,698,1.02,False,c
999,247,822,290,720,1.01,False,c
999,245,840,288,707,1.01,False,c
999,245,833,278,717,1.02,False,c
999,246,831,275,680,1.0,False,c
999,246,826,285,701,1.02,False,c
999,250,824,282,694,1.01,False,c
999,247,826,283,706,1.03,False,c
999,246,840,290,711,1.02,False,c
999,242,822,288,726,1.02,False,c
999,242,824,292,720,1.02,False,c
999,243,852,289,717,1.03,False,c
999,240,826,286,713,1.01,False,c
985,244,836,284,713,1.03,False,c
992,246,840,297,710,1.04,False,c
999,245,829,290,722,1.03,False,c
999,247,831,294,719,1.03,False,c
999,247,831,296,710,1.02,False,c
999,248,831,291,709,1.02,False,c
999,246,826,290,722,1.03,False,c
999,248,822,286,726,1.03,False,c
999,250,836,280,711,1.02,False,c
999,247,854,274,723,1.02,False,c
999,246,824,270,720,1.02,False,c
999,245,826,276,723,1.04,False,c
999,249,826,284,717,1.0,False,c
989,246,826,280,720,1.04,False,c
999,246,831,278,723,1.07,False,c
0,74,51,41,72,0.99,False,e
0,75,78,39,81,0.96,False,e
0,74,55,41,78,0.99,False,e
0,69,48,36,75,1.01,False,e
0,73,51,37,83,0.98,False,e
0,76,46,33,83,1.0,False,e
0,76,41,31,78,0.99,False,e
0,67,30,21,69,1.0,False,e
0,68,32,20,63,0.99,False,e
0,66,27,20,49,1.01,False,e
0,67,34,20,52,1.0,False,e
0,67,37,22,55,1.0,False,e
0,73,44,31,60,1.0,False,e
0,69,51,25,56,0.99,False,e
0,69,46,24,62,0.99,False,e
0,68,51,23,59,1.01,False,e
0,68,37,26,68,0.98,False,e
0,68,34,28,63,0.99,False,e
0,69,41,29,78,1.0,False,e
0,70,44,27,65,1.0,False,e
0,72,44,28,69,1.0,False,e
0,69,44,28,70,0.98,False,e
0,68,39,29,65,0.99,False,e
0,71,44,32,66,0.99,False,e
0,67,41,32,69,1.0,False,e
0,70,46,32,81,0.98,False,e
0,73,41,35,69,0.99,False,e
0,70,44,33,66,0.97,False,e
0,73,37,33,72,0.99,False,e
0,69,46,31,72,1.0,False,e
256,825,497,184,141,0.89,False,d
258,798,492,187,141,0.9,False,d
249,834,497,190,131,0.9,False,d
246,821,499,185,131,0.9,False,d
244,797,494,180,140,0.91,False,d
249,812,497,186,147,0.89,False,d
248,815,501,189,138,0.9,False,d
247,838,497,193,144,0.9,False,d
247,801,501,188,147,0.89,False,d
262,760,492,178,138,0.9,False,d
265,767,494,178,144,0.89,False,d
266,741,501,178,151,0.88,False,d
268,761,499,187,147,0.87,False,d
263,733,506,183,149,0.89,False,d
261,753,515,186,153,0.88,False,d
260,736,515,184,153,0.91,False,d
259,755,513,182,147,0.88,False,d
258,755,508,179,146,0.89,False,d
261,762,508,182,143,0.89,False,d
261,734,515,184,153,0.88,False,d
265,738,506,183,147,0.9,False,d
259,746,497,187,147,0.89,False,d
261,752,499,188,141,0.91,False,d
275,725,501,192,147,0.89,False,d
272,747,513,191,150,0.89,False,d
277,738,487,191,147,0.89,False,d
277,746,504,189,147,0.89,False,d
272,713,508,188,147,0.9,False,d
271,740,499,188,147,0.89,False,d
266,747,520,200,159,0.89,False,d
495,443,999,852,894,0.49,False,f
531,452,999,794,946,0.49,False,f
536,457,999,865,920,0.47,False,f
513,446,999,866,933,0.49,False,f
526,448,999,842,934,0.49,False,f
533,433,999,815,934,0.49,False,f
534,438,999,815,930,0.49,False,f
536,442,999,833,894,0.49,False,f
533,434,999,870,934,0.49,False,f
532,443,999,859,913,0.49,False,f
547,455,999,845,999,0.49,False,f
546,465,999,813,999,0.48,False,f
551,463,999,818,999,0.5,False,f
549,470,999,902,999,0.5,False,f
534,464,999,893,999,0.52,False,f
536,460,999,911,999,0.5,False,f
542,455,999,859,999,0.51,False,f
536,458,999,793,999,0.49,False,f
544,450,999,706,999,0.5,False,f
538,444,999,765,999,0.48,False,f
541,447,999,831,999,0.49,False,f
533,463,999,895,999,0.5,False,f
543,464,999,705,999,0.51,False,f
535,458,999,670,999,0.48,False,f
541,459,999,812,999,0.5,False,f
549,460,999,841,999,0.49,False,f
544,464,999,853,999,0.51,False,f
570,463,999,857,999,0.49,False,f
564,450,999,851,999,0.52,False,f
555,444,999,862,999,0.49,False,f
999,611,27,41,69,0.71,False,g
999,609,37,42,66,0.7,False,g
999,625,34,44,69,0.71,False,g
999,611,34,40,66,0.71,False,g
999,603,51,44,66,0.71,False,g
999,604,41,47,69,0.69,False,g
999,594,37,50,62,0.7,False,g
999,601,34,48,57,0.71,False,g
999,603,32,50,59,0.7,False,g
999,606,25,50,62,0.7,False,g
999,609,41,52,68,0.7,False,g
999,608,27,50,76,0.69,False,g
999,611,41,56,63,0.71,False,g
999,606,41,54,69,0.7,False,g
999,601,41,55,66,0.71,False,g
999,625,41,55,72,0.7,False,g
999,622,46,55,69,0.71,False,g
999,606,32,51,75,0.7,False,g
999,597,41,56,69,0.71,False,g
999,597,39,57,72,0.71,False,g
999,599,41,57,66,0.71,False,g
999,605,39,57,70,0.7,False,g
999,610,44,56,72,0.71,False,g
999,609,34,56,57,0.69,False,g
999,614,41,57,73,0.7,False,g
999,611,44,60,66,0.71,False,g
999,616,32,60,60,0.7,False,g
999,607,44,59,66,0.69,False,g
999,618,41,64,70,0.7,False,g
999,616,41,62,63,0.69,False,g
999,874,999,854,366,0.73,False,h
999,874,999,870,374,0.71,False,h
999,869,999,888,373,0.73,False,h
999,873,999,897,379,0.72,False,h
999,891,999,893,367,0.73,False,h
999,890,999,893,374,0.72,False,h
999,879,999,901,373,0.73,False,h
999,864,999,862,371,0.73,False,h
999,857,999,863,370,0.75,False,h
999,857,999,849,370,0.73,False,h
999,867,999,861,374,0.74,False,h
999,859,999,839,360,0.74,False,h
999,866,999,923,367,0.73,False,h
999,863,999,867,371,0.74,False,h
999,857,999,880,370,0.74,False,h
999,869,999,870,370,0.74,False,h
999,889,999,857,373,0.72,False,h
999,999,999,865,382,0.73,False,h
999,996,999,848,396,0.73,False,h
999,999,999,854,397,0.73,False,h
999,957,999,861,396,0.73,False,h
999,955,999,866,392,0.72,False,h
999,954,999,863,384,0.73,False,h
999,950,999,889,393,0.74,False,h
999,936,999,866,384,0.74,False,h
999,940,999,843,393,0.74,False,h
999,932,999,833,382,0.73,False,h
999,940,999,869,393,0.73,False,h
999,941,999,872,396,0.72,False,h
999,946,999,855,393,0.74,False,h
0,193,464,199,999,0.63,False,i
0,195,469,189,999,0.62,False,i
0,193,466,202,999,0.62,False,i
0,196,462,203,999,0.62,False,i
0,194,466,203,999,0.62,False,i
0,193,460,210,999,0.62,False,i
0,195,462,204,999,0.64,False,i
0,195,457,205,999,0.62,False,i
0,195,460,206,999,0.64,False,i
0,194,469,207,999,0.62,False,i
0,192,455,201,999,0.62,False,i
0,196,462,203,999,0.64,False,i
0,195,464,205,999,0.64,False,i
0,197,460,204,999,0.64,False,i
0,197,469,201,999,0.62,False,i
0,200,471,201,999,0.65,False,i
0,195,473,215,999,0.63,False,i
0,195,480,207,999,0.64,False,i
0,194,483,201,999,0.65,False,i
0,197,469,201,999,0.64,False,i
0,193,464,201,999,0.66,False,i
0,195,478,201,999,0.64,False,i
0,197,469,207,999,0.65,False,i
0,195,464,195,999,0.65,False,i
0,195,469,192,999,0.63,False,i
0,195,473,191,999,0.65,False,i
0,198,480,192,999,0.65,False,i
0,196,469,188,999,0.63,False,i
0,197,476,186,999,0.63,False,i
0,192,478,190,999,0.64,False,i
0,204,562,357,999,-0.38,True,j
0,222,648,282,999,-1.45,True,j
0,237,610,255,999,0.52,False,j
185,292,685,632,999,0.64,True,j
53,240,708,452,999,-0.35,True,j
0,227,643,385,999,-0.49,True,j
0,220,615,351,999,-0.18,True,j
5,239,759,307,999,0.68,True,j
32,227,643,316,999,1.66,True,j
42,220,657,374,999,-0.21,True,j
0,216,559,306,999,0.59,False,j
0,223,583,360,999,-0.25,False,j
21,265,613,476,999,0.07,True,j
0,266,696,306,999,-0.12,True,j
69,263,636,305,999,1.2,False,j
83,246,669,375,999,1.15,True,j
0,228,613,383,999,1.65,True,j
0,230,608,380,999,-0.34,False,j
28,233,622,384,999,0.02,True,j
24,271,724,395,999,0.05,True,j
53,230,608,343,999,1.1,False,j
93,237,620,367,999,0.98,True,j
65,235,738,597,999,1.49,True,j
53,240,636,411,999,0.36,True,j
43,246,657,415,999,0.3,True,j
62,265,659,497,999,-0.55,True,j
0,242,594,373,999,0.43,True,j
0,230,562,332,999,0.98,False,j
0,235,610,351,999,0.6,True,j
0,228,571,343,999,1.47,True,j
999,730,999,139,373,2.07,False,k
999,704,999,193,361,1.83,True,k
999,700,999,228,312,1.03,True,k
999,727,999,384,355,-0.03,True,k
999,710,999,389,373,-0.09,True,k
999,711,999,193,376,1.05,True,k
999,702,999,159,419,1.73,False,k
999,700,999,232,408,1.52,True,k
999,734,999,467,379,0.52,True,k
999,716,999,452,363,-0.32,False,k
999,705,999,257,363,-0.12,True,k
999,713,999,140,437,1.7,True,k
999,685,999,158,397,2.08,True,k
999,684,999,168,354,0.58,True,k
982,710,999,227,390,-0.02,True,k
999,684,999,203,392,-0.03,True,k
999,745,999,106,547,2.2,True,k
999,744,999,119,467,2.03,True,k
999,705,999,198,373,1.14,True,k
994,711,999,324,403,0.48,True,k
981,702,999,278,409,-0.43,True,k
999,680,999,223,425,0.25,True,k
999,684,999,128,466,2.32,True,k
999,679,999,121,424,1.95,True,k
999,699,999,229,421,1.14,True,k
999,723,999,500,464,0.17,True,k
999,713,999,452,444,-0.15,True,k
999,723,999,135,396,0.64,True,k
730,703,999,129,471,1.95,False,k
642,713,999,209,399,1.06,True,k
923,665,95,70,204,1.02,False,l
930,669,111,75,201,1.04,False,l
948,669,116,73,201,1.03,False,l
944,664,97,68,205,1.05,False,l
854,647,83,74,206,1.02,False,l
875,650,111,76,201,1.05,False,l
894,653,106,79,199,1.03,False,l
897,665,97,79,208,1.03,False,l
861,650,88,77,217,1.04,False,l
864,647,106,77,214,1.04,False,l
855,650,111,77,217,1.04,False,l
840,669,97,77,214,1.05,False,l
829,642,99,78,208,1.03,False,l
840,654,88,78,212,1.04,False,l
849,665,85,77,214,1.03,False,l
771,646,90,76,208,1.03,False,l
802,667,92,76,214,1.03,False,l
804,651,111,78,212,1.04,False,l
777,641,113,76,212,1.02,False,l
772,647,92,74,211,1.05,False,l
760,636,116,75,212,1.02,False,l
771,635,95,77,211,1.03,False,l
775,639,97,78,212,1.03,False,l
779,651,118,79,215,1.05,False,l
784,640,116,79,211,1.04,False,l
722,647,120,78,211,1.03,False,l
722,667,111,80,208,1.04,False,l
738,659,116,78,211,1.04,False,l
735,669,113,80,211,1.05,False,l
769,672,120,78,212,1.02,False,l
184,687,999,569,244,0.95,False,m
185,717,999,574,240,0.95,False,m
169,716,999,545,231,0.97,False,m
167,701,999,587,221,0.96,False,m
166,702,999,590,218,0.96,False,m
173,702,999,623,234,0.97,False,m
169,698,999,587,234,0.96,False,m
176,693,999,587,230,0.96,False,m
177,694,999,588,237,0.97,False,m
178,700,999,574,234,0.96,False,m
178,702,999,598,224,0.96,False,m
178,700,999,593,237,0.96,False,m
177,701,999,590,241,0.96,False,m
178,698,999,590,240,0.97,False,m
179,703,999,585,243,0.96,False,m
169,702,999,583,240,0.96,False,m
170,702,999,607,224,0.98,False,m
175,708,999,602,224,0.95,False,m
176,704,999,601,231,0.97,False,m
169,701,999,597,224,0.98,False,m
168,708,999,615,219,0.97,False,m
160,701,999,621,235,0.96,False,m
163,702,999,629,237,0.97,False,m
166,702,999,615,238,0.96,False,m
169,704,999,623,246,0.97,False,m
166,704,999,624,235,0.96,False,m
169,702,999,614,240,0.96,False,m
165,699,999,612,243,0.96,False,m
169,704,999,623,260,0.97,False,m
166,711,999,608,253,0.96,False,m
11,999,999,86,219,1.1,False,n
20,999,999,81,217,1.09,False,n
20,999,999,90,215,1.09,False,n
17,999,999,89,222,1.1,False,n
19,999,999,87,212,1.1,False,n
14,999,999,84,217,1.1,False,n
14,999,999,84,217,1.1,False,n
11,999,999,86,221,1.1,False,n
15,999,999,83,231,1.09,False,n
4,997,999,88,224,1.1,False,n
4,999,999,87,233,1.09,False,n
16,999,999,90,222,1.1,False,n
14,999,999,92,240,1.1,False,n
22,985,999,93,224,1.09,False,n
19,993,999,95,218,1.1,False,n
16,999,999,95,224,1.1,False,n
16,995,999,92,214,1.1,False,n
16,999,999,93,218,1.09,False,n
13,999,999,93,224,1.1,False,n
16,999,999,95,219,1.1,False,n
12,999,999,94,219,1.1,False,n
10,999,999,93,219,1.09,False,n
5,999,999,96,219,1.1,False,n
5,999,999,97,212,1.1,False,n
13,999,999,97,215,1.11,False,n
10,999,999,91,217,1.09,False,n
7,999,999,93,218,1.1,False,n
18,999,999,95,219,1.1,False,n
12,999,999,97,214,1.1,False,n
10,999,999,93,212,1.1,False,n
190,912,999,68,305,1.23,True,ñ
183,911,999,82,289,1.21,False,ñ
198,999,999,78,303,1.08,True,ñ
240,985,999,63,293,1.19,True,ñ
171,968,999,66,272,0.96,True,ñ
187,999,999,77,283,1.08,True,ñ
180,959,999,69,309,1.02,False,ñ
162,976,999,62,298,0.99,True,ñ
219,968,999,49,270,1.16,True,ñ
172,953,999,67,292,1.01,True,ñ
130,981,999,69,289,0.87,True,ñ
189,925,999,64,257,1.05,False,ñ
165,960,999,54,282,1.19,True,ñ
189,928,999,49,274,1.24,True,ñ
151,950,999,56,263,1.15,True,ñ
132,971,999,61,259,1.0,True,ñ
143,974,999,63,267,0.8,False,ñ
160,948,999,66,303,1.03,True,ñ
184,984,999,52,269,1.21,True,ñ
155,944,999,52,280,0.99,True,ñ
135,974,999,61,293,1.27,True,ñ
138,974,999,62,295,1.26,False,ñ
145,964,999,66,303,1.14,True,ñ
172,952,999,54,283,1.1,False,ñ
155,954,999,56,280,1.13,True,ñ
120,963,999,60,283,1.04,True,ñ
137,922,999,61,270,0.98,False,ñ
135,953,999,59,292,1.0,True,ñ
151,899,999,59,286,1.17,True,ñ
141,857,999,54,260,1.11,True,ñ
149,95,211,79,199,1.01,False,o
149,98,222,84,199,1.01,False,o
153,99,227,84,201,1.01,False,o
152,103,229,83,201,1.02,False,o
152,95,218,82,193,1.02,False,o
152,96,213,83,196,1.01,False,o
153,99,222,84,196,1.02,False,o
155,98,227,84,198,1.04,False,o
152,99,227,83,199,1.03,False,o
157,98,222,83,204,1.03,False,o
158,98,225,83,196,1.03,False,o
160,97,229,82,193,1.04,False,o
158,98,229,83,199,1.03,False,o
162,99,229,82,196,1.03,False,o
160,101,232,83,199,1.02,False,o
156,97,220,82,191,1.03,False,o
160,102,229,81,195,1.03,False,o
163,101,241,82,196,1.04,False,o
159,101,232,84,196,1.03,False,o
158,101,229,86,198,1.03,False,o
155,102,232,86,195,1.02,False,o
158,101,227,91,208,1.01,False,o
158,103,232,90,198,1.04,False,o
158,101,229,88,195,1.03,False,o
158,102,227,86,196,1.02,False,o
155,103,227,95,199,1.01,False,o
155,104,229,103,191,1.0,False,o
165,102,232,108,196,1.02,False,o
167,98,227,109,195,1.04,False,o
163,103,229,109,191,1.03,False,o
878,727,999,802,558,0.88,False,p
873,729,999,794,548,0.85,False,p
875,732,999,794,539,0.8,False,p
872,723,999,795,536,0.78,False,p
816,723,999,786,523,0.77,False,p
810,720,999,788,519,0.78,False,p
808,727,999,791,525,0.79,False,p
807,720,999,792,519,0.79,False,p
807,723,999,788,535,0.79,False,p
811,720,999,786,531,0.78,False,p
795,719,999,784,515,0.8,False,p
799,733,999,780,522,0.8,False,p
787,720,999,787,516,0.78,False,p
771,716,999,788,535,0.79,False,p
769,717,999,786,535,0.8,False,p
766,714,999,783,551,0.79,False,p
761,698,999,775,535,0.81,False,p
777,702,999,776,544,0.8,False,p
779,701,999,775,542,0.81,False,p
783,693,999,779,560,0.81,False,p
752,699,999,776,560,0.79,False,p
740,695,999,776,555,0.79,False,p
769,696,999,774,568,0.8,False,p
777,688,999,774,547,0.82,False,p
790,689,999,775,558,0.81,False,p
803,687,999,770,561,0.79,False,p
793,689,999,775,564,0.78,False,p
793,682,999,774,551,0.79,False,p
806,674,999,773,551,0.79,False,p
803,675,999,773,549,0.8,False,p
650,203,18,31,82,1.47,False,q
643,219,20,33,76,0.26,True,q
633,224,6,29,69,0.76,False,q
641,204,23,33,70,0.47,True,q
655,217,13,33,70,1.3,False,q
619,198,30,31,75,0.22,True,q
623,205,18,31,73,0.69,True,q
769,216,13,31,72,1.08,False,q
656,220,20,31,78,0.28,True,q
596,220,16,29,72,0.92,False,q
642,224,25,31,75,0.48,True,q
669,228,23,33,81,0.98,True,q
607,264,27,31,73,1.08,True,q
599,267,44,31,75,-0.03,True,q
699,266,37,36,99,1.47,False,q
626,258,44,35,95,0.36,True,q
600,251,32,32,95,0.71,True,q
999,248,30,32,95,0.64,True,q
717,249,30,32,95,0.67,True,q
667,246,51,32,98,0.82,False,q
643,242,39,29,107,0.47,True,q
710,240,37,33,127,1.36,False,q
715,246,37,31,121,0.13,True,q
610,246,44,32,124,0.85,True,q
953,250,32,32,127,1.0,False,q
725,248,46,32,108,0.61,True,q
680,245,55,32,98,0.95,False,q
751,246,55,33,105,0.32,True,q
708,252,53,38,97,1.43,False,q
689,248,60,33,98,0.53,True,q
4,154,999,0,130,0.94,False,r
5,157,999,0,138,0.95,False,r
4,152,999,0,131,0.94,False,r
25,159,999,0,123,0.92,False,r
20,160,999,0,115,0.98,False,r
32,161,999,0,118,0.94,False,r
27,160,999,0,120,0.92,False,r
18,168,999,0,123,1.05,False,r
18,179,999,0,123,0.94,False,r
39,184,999,0,138,0.92,False,r
45,169,999,0,138,0.96,False,r
52,154,999,0,138,0.95,False,r
89,154,999,0,124,0.96,False,r
87,156,999,0,120,0.96,False,r
82,168,999,0,128,1.0,False,r
76,178,999,0,124,0.94,False,r
84,182,999,0,115,0.97,False,r
73,186,999,0,102,0.93,False,r
78,179,999,0,115,0.95,False,r
76,169,999,0,99,0.94,False,r
62,163,999,0,112,0.94,False,r
73,162,999,0,112,0.96,False,r
74,160,999,0,95,0.96,False,r
85,160,999,0,95,0.95,False,r
87,163,999,0,104,0.96,False,r
92,151,999,0,112,0.95,False,r
84,151,999,0,95,0.96,False,r
92,151,999,0,105,0.95,False,r
100,150,999,0,105,0.95,False,r
101,159,999,0,108,0.96,False,r
16,31,4,75,121,1.07,False,s
16,28,0,70,118,1.05,False,s
16,33,23,68,125,1.06,False,s
16,31,23,68,124,1.05,False,s
16,29,23,70,125,1.04,False,s
15,30,18,65,124,1.03,False,s
13,31,11,66,118,1.04,False,s
14,29,18,64,130,1.04,False,s
14,30,13,66,133,1.05,False,s
13,29,18,65,125,1.06,False,s
13,31,23,66,121,1.04,False,s
4,26,4,64,127,1.05,False,s
12,29,9,64,127,1.05,False,s
2,28,16,65,130,1.05,False,s
11,27,9,64,127,1.06,False,s
2,31,18,64,130,1.05,False,s
1,29,6,63,121,1.04,False,s
4,29,13,63,124,1.05,False,s
9,29,18,61,125,1.05,False,s
4,31,16,62,127,1.04,False,s
5,29,27,60,124,1.06,False,s
3,29,18,60,133,1.05,False,s
5,26,18,61,130,1.05,False,s
4,29,16,61,127,1.04,False,s
2,26,9,62,130,1.03,False,s
0,31,23,61,123,1.06,False,s
2,25,9,60,121,1.04,False,s
4,25,18,62,124,1.05,False,s
0,26,13,63,127,1.05,False,s
0,26,18,64,127,1.06,False,s
0,196,304,112,999,0.88,False,t
0,198,306,115,999,0.9,False,t
0,197,292,113,955,0.89,False,t
0,197,292,111,952,0.89,False,t
0,200,297,112,998,0.91,False,t
0,199,301,111,986,0.89,False,t
0,196,294,111,981,0.89,False,t
0,198,301,111,983,0.87,False,t
0,198,297,111,978,0.89,False,t
0,198,299,115,978,0.9,False,t
0,195,301,113,992,0.9,False,t
0,196,301,113,999,0.9,False,t
0,197,311,112,999,0.88,False,t
0,196,304,110,999,0.89,False,t
0,196,297,110,983,0.9,False,t
0,194,304,112,983,0.9,False,t
0,194,301,111,999,0.89,False,t
0,193,297,111,992,0.9,False,t
0,194,304,114,999,0.89,False,t
0,194,311,115,999,0.9,False,t
0,193,311,115,989,0.9,False,t
0,194,301,116,976,0.9,False,t
0,189,306,114,995,0.88,False,t
0,192,315,115,988,0.9,False,t
0,194,301,115,955,0.9,False,t
0,192,292,113,960,0.9,False,t
0,191,308,110,965,0.88,False,t
0,192,290,113,972,0.91,False,t
0,191,306,111,949,0.9,False,t
0,191,292,109,957,0.89,False,t
30,947,999,62,289,1.02,False,u
30,933,999,60,289,1.01,False,u
36,925,999,60,303,1.02,False,u
33,941,999,58,295,1.02,False,u
33,949,999,59,298,1.02,False,u
39,951,999,57,295,1.01,False,u
43,943,999,56,286,1.0,False,u
45,946,999,58,283,1.02,False,u
43,944,999,64,289,1.01,False,u
45,944,999,64,289,1.0,False,u
52,953,999,60,303,1.03,False,u
51,946,999,64,293,1.0,False,u
47,928,999,67,286,1.02,False,u
52,900,999,76,287,1.03,False,u
54,902,999,70,292,1.03,False,u
55,912,999,68,293,1.03,False,u
55,914,999,64,292,1.02,False,u
53,904,999,64,287,1.03,False,u
53,902,999,60,287,1.01,False,u
52,904,999,62,283,1.03,False,u
52,902,999,65,292,1.02,False,u
62,915,999,60,292,1.03,False,u
59,912,999,59,298,1.01,False,u
52,902,999,59,286,1.03,False,u
52,898,999,60,290,1.01,False,u
52,898,999,63,293,1.01,False,u
50,893,999,66,290,1.02,False,u
51,925,999,74,299,1.01,False,u
52,938,999,72,296,1.02,False,u
56,890,999,73,295,1.03,False,u
0,680,999,0,0,0.95,False,v
0,676,999,0,0,0.96,False,v
0,671,999,0,0,0.96,False,v
0,669,999,0,0,0.96,False,v
0,673,999,0,0,0.96,False,v
0,670,999,0,0,0.96,False,v
0,667,999,0,0,0.97,False,v
0,665,999,0,0,0.96,False,v
0,664,999,0,0,0.94,False,v
0,670,999,0,0,0.96,False,v
0,667,999,0,0,0.94,False,v
0,667,999,0,0,0.96,False,v
0,673,999,0,0,0.96,False,v
0,669,999,0,0,0.96,False,v
0,668,999,0,0,0.96,False,v
0,667,999,0,0,0.96,False,v
0,662,999,0,0,0.99,False,v
0,664,999,0,0,0.96,False,v
0,665,999,0,0,0.97,False,v
0,678,999,0,0,0.95,False,v
0,679,999,0,0,0.98,False,v
0,671,999,0,0,0.96,False,v
0,675,999,0,0,0.95,False,v
0,672,999,0,0,0.94,False,v
0,683,999,0,0,0.97,False,v
0,682,999,0,0,0.96,False,v
0,684,999,0,0,0.95,False,v
0,683,999,0,0,0.97,False,v
0,678,999,0,0,0.95,False,v
0,678,999,0,0,0.97,False,v
33,999,999,584,0,0.88,False,w
38,999,999,578,0,0.91,False,w
37,999,999,590,0,0.88,False,w
37,999,999,593,0,0.87,False,w
27,999,999,597,0,0.89,False,w
29,999,999,584,0,0.86,False,w
27,999,999,588,0,0.88,False,w
30,999,999,601,0,0.87,False,w
27,999,999,594,0,0.89,False,w
33,999,999,601,0,0.87,False,w
36,999,999,607,0,0.89,False,w
34,999,999,596,0,0.9,False,w
36,999,999,579,0,0.87,False,w
38,999,999,594,0,0.89,False,w
44,999,999,589,0,0.88,False,w
46,999,999,598,0,0.88,False,w
55,999,999,611,0,0.87,False,w
61,999,999,596,0,0.87,False,w
60,999,999,594,0,0.87,False,w
59,999,999,603,0,0.87,False,w
62,999,999,602,0,0.87,False,w
75,999,999,621,0,0.88,False,w
60,999,999,597,0,0.88,False,w
55,999,999,618,0,0.86,False,w
59,999,999,606,0,0.9,False,w
42,999,999,579,0,0.89,False,w
40,999,999,557,0,0.89,False,w
42,999,999,621,0,0.88,False,w
45,999,999,624,0,0.88,False,w
56,999,999,607,0,0.87,False,w
833,83,90,120,277,0.63,False,x
875,87,92,146,299,0.59,False,x
834,86,111,143,300,0.94,False,x
815,85,95,122,283,0.99,False,x
856,83,116,115,289,1.2,False,x
884,87,97,123,289,0.89,False,x
871,91,118,148,299,0.62,False,x
815,89,116,129,293,0.57,False,x
835,87,111,114,300,1.61,False,x
861,86,109,127,309,0.63,False,x
870,89,125,147,312,0.17,False,x
813,87,125,125,306,1.11,False,x
841,87,120,119,293,1.48,False,x
838,87,118,133,300,0.8,False,x
893,90,134,150,309,0.22,False,x
843,89,118,146,306,0.68,False,x
843,89,116,129,312,1.65,False,x
835,88,116,136,305,1.0,False,x
861,92,130,180,303,0.32,False,x
801,90,125,191,302,0.76,False,x
796,87,92,159,308,1.6,False,x
782,89,97,159,309,0.92,False,x
931,93,125,213,311,0.72,False,x
846,89,123,190,309,0.54,False,x
747,89,130,167,299,2.22,True,x
784,86,111,145,306,1.09,False,x
802,89,120,168,303,0.45,False,x
902,89,116,172,324,0.37,True,x
818,101,118,136,327,2.21,True,x
830,97,134,151,327,0.17,True,x
999,516,508,749,801,0.64,False,y
999,529,508,750,830,0.63,False,y
999,536,511,749,826,0.6,False,y
999,522,511,749,823,0.64,False,y
999,538,501,750,807,0.63,False,y
999,506,494,747,811,0.63,False,y
999,506,508,733,795,0.64,False,y
999,497,511,694,819,0.63,False,y
999,486,506,650,814,0.62,False,y
999,476,506,649,813,0.65,False,y
999,469,506,680,804,0.64,False,y
999,464,504,707,813,0.63,False,y
999,467,506,726,785,0.63,False,y
999,491,504,725,774,0.63,False,y
999,496,513,725,791,0.62,False,y
999,493,518,727,803,0.62,False,y
999,494,511,720,821,0.62,False,y
999,501,525,739,845,0.63,False,y
999,497,504,738,830,0.63,False,y
999,529,497,725,813,0.64,False,y
999,522,494,724,824,0.62,False,y
999,505,501,727,823,0.62,False,y
999,480,508,737,836,0.63,False,y
999,480,506,733,814,0.65,False,y
999,479,511,734,787,0.62,False,y
999,477,506,726,819,0.64,False,y
999,467,499,723,816,0.61,False,y
999,454,506,732,811,0.63,False,y
999,456,497,731,821,0.62,False,y
999,473,499,734,827,0.63,False,y
122,882,23,61,219,1.65,True,z
128,876,6,58,228,2.15,False,z
128,883,9,54,192,1.73,False,z
117,963,32,52,166,1.22,False,z
117,867,32,56,162,0.98,False,z
130,935,9,55,228,1.66,False,z
130,928,23,52,165,0.94,False,z
129,943,6,56,159,0.58,False,z
120,936,6,54,211,0.77,False,z
109,856,0,46,209,1.65,False,z
122,858,0,47,192,1.12,True,z
100,818,0,49,204,0.7,False,z
98,797,0,48,222,1.72,True,z
96,871,0,56,215,2.17,False,z
104,832,2,56,163,1.18,True,z
111,826,2,57,153,0.31,False,z
107,820,13,62,191,1.44,True,z
115,868,0,58,212,1.84,False,z
132,868,6,59,166,1.13,True,z
123,866,13,62,162,-0.01,False,z
124,878,0,61,162,0.93,True,z
134,833,0,57,193,1.67,False,z
114,865,6,52,162,0.85,False,z
125,835,23,57,166,1.09,True,z
151,808,13,55,167,2.0,False,z
146,825,23,50,156,1.78,True,z
135,818,16,50,159,0.95,False,z
999,0,0,116,141,0.96,False,a
999,0,0,117,134,0.98,False,a
999,0,0,123,118,0.97,False,a
999,0,0,126,116,0.98,False,a
999,0,0,130,99,0.97,False,a
999,0,0,123,99,0.97,False,a
999,0,0,128,114,0.97,False,a
999,0,0,121,116,0.97,False,a
999,0,0,106,101,0.98,False,a
999,0,0,115,107,0.97,False,a
999,0,0,127,112,0.98,False,a
999,0,0,120,111,0.97,False,a
999,0,0,122,111,0.96,False,a
999,0,0,120,140,0.99,False,a
999,0,0,123,111,0.97,False,a
999,0,0,122,73,0.97,False,a
999,0,0,122,69,0.98,False,a
999,0,0,133,69,0.97,False,a
999,0,0,126,76,0.97,False,a
999,0,0,125,73,0.97,False,a
999,0,0,136,77,0.97,False,a
999,0,0,144,83,0.99,False,a
999,0,0,144,82,0.97,False,a
999,0,0,136,83,0.97,False,a
999,0,0,154,94,0.98,False,a
999,0,0,149,84,0.98,False,a
999,0,0,143,106,0.94,False,a
999,0,0,138,99,0.96,False,a
999,0,0,153,76,0.95,False,a
257,999,727,930,679,1.02,False,b
253,999,720,906,674,1.04,False,b
286,999,730,926,753,0.99,False,b
339,999,721,950,753,0.98,False,b
357,999,710,950,752,1.04,False,b
527,999,723,942,753,0.96,False,b
546,999,727,938,752,1.03,False,b
699,999,720,931,755,1.03,False,b
445,999,731,938,761,1.02,False,b
383,999,744,929,756,1.01,False,b
355,999,723,932,750,1.05,False,b
339,999,710,940,754,1.0,False,b
331,999,705,937,756,1.02,False,b
335,999,706,932,752,1.04,False,b
370,999,712,947,746,1.01,False,b
386,999,706,948,749,0.99,False,b
670,999,724,943,746,1.05,False,b
753,999,722,946,742,1.04,False,b
746,999,721,929,745,1.05,False,b
754,999,702,945,736,1.03,False,b
743,999,698,935,736,1.02,False,b
715,999,684,947,735,1.01,False,b
786,999,694,947,730,1.04,False,b
737,999,688,945,721,1.03,False,b
999,999,693,955,726,1.02,False,b
999,999,700,955,722,1.02,False,b
999,999,700,957,721,1.02,False,b
999,999,731,964,720,1.04,False,b
999,999,714,955,726,1.02,False,b
999,999,736,961,723,1.02,False,b
999,124,67,611,999,1.24,False,c
999,126,71,636,999,1.23,False,c
999,128,73,615,999,1.23,False,c
999,121,67,605,999,1.24,False,c
999,119,71,604,999,1.23,False,c
999,124,73,618,999,1.23,False,c
999,127,79,618,999,1.25,False,c
999,126,85,636,999,1.26,False,c
999,118,80,655,999,1.24,False,c
999,118,92,668,999,1.26,False,c
999,123,95,656,999,1.26,False,c
999,120,99,657,999,1.21,False,c
999,135,102,669,999,1.25,False,c
999,126,95,642,999,1.25,False,c
999,122,99,654,999,1.22,False,c
999,119,97,659,999,1.22,False,c
999,126,100,678,999,1.27,False,c
999,124,101,694,999,1.24,False,c
999,123,97,676,999,1.25,False,c
999,117,94,652,999,1.23,False,c
999,118,99,658,999,1.23,False,c
999,117,101,688,999,1.23,False,c
999,125,103,641,999,1.25,False,c
999,118,100,647,999,1.24,False,c
999,114,96,636,999,1.25,False,c
999,121,97,630,999,1.24,False,c
999,119,96,663,999,1.23,False,c
999,123,95,658,999,1.22,False,c
999,126,94,605,999,1.24,False,c
999,123,88,600,999,1.23,False,c
999,905,371,999,113,1.29,False,d
999,907,371,999,113,1.3,False,d
666,899,373,999,118,1.3,False,d
663,902,383,999,116,1.3,False,d
970,912,380,999,94,1.29,False,d
999,909,382,999,86,1.3,False,d
999,905,398,999,105,1.29,False,d
999,910,417,999,105,1.29,False,d
999,904,408,999,119,1.3,False,d
999,904,403,999,116,1.29,False,d
999,904,396,999,134,1.31,False,d
999,908,411,999,137,1.3,False,d
999,906,407,999,134,1.29,False,d
999,904,414,999,121,1.3,False,d
999,905,400,999,121,1.29,False,d
999,899,375,999,116,1.3,False,d
999,907,396,999,132,1.28,False,d
999,904,411,999,144,1.29,False,d
999,906,421,999,141,1.29,False,d
999,905,398,999,136,1.3,False,d
999,901,394,999,148,1.3,False,d
999,907,415,999,158,1.29,False,d
999,900,422,999,160,1.3,False,d
999,779,423,999,170,1.29,False,d
999,769,388,999,177,1.31,False,d
999,794,384,999,159,1.31,False,d
999,760,379,999,160,1.29,False,d
999,899,390,999,174,1.28,False,d
999,905,401,999,186,1.29,False,d
999,911,417,999,182,1.3,False,d
0,6,19,307,999,1.22,False,e
0,6,18,327,999,1.22,False,e
0,2,18,329,999,1.23,False,e
0,2,18,310,999,1.21,False,e
0,3,28,306,999,1.22,False,e
0,6,18,316,999,1.22,False,e
0,6,19,353,999,1.24,False,e
0,5,23,321,999,1.22,False,e
0,12,22,338,999,1.23,False,e
0,13,36,390,999,1.25,False,e
0,13,36,377,999,1.23,False,e
0,8,32,396,999,1.23,False,e
0,7,30,390,999,1.22,False,e
0,3,30,388,999,1.22,False,e
0,1,28,355,999,1.21,False,e
0,6,29,370,999,1.2,False,e
0,7,31,395,999,1.21,False,e
0,3,30,385,999,1.23,False,e
0,7,29,376,999,1.22,False,e
0,8,32,386,999,1.21,False,e
0,9,30,406,999,1.2,False,e
0,10,31,429,999,1.21,False,e
0,10,30,425,999,1.25,False,e
0,4,31,445,999,1.23,False,e
0,7,30,445,999,1.18,False,e
0,8,32,461,999,1.25,False,e
0,11,32,448,999,1.22,False,e
0,11,31,438,999,1.24,False,e
0,10,35,417,999,1.21,False,e
0,11,39,451,999,1.22,False,e
999,248,759,946,999,0.95,False,f
999,257,774,946,999,0.99,False,f
999,251,791,947,999,0.96,False,f
999,250,781,941,999,0.94,False,f
999,254,785,895,999,0.96,False,f
999,262,791,935,999,0.92,False,f
999,259,825,924,999,0.98,False,f
999,262,821,917,999,0.94,False,f
999,268,826,922,999,1.0,False,f
999,266,822,924,999,0.96,False,f
999,261,853,930,999,0.97,False,f
999,264,881,923,999,0.96,False,f
999,262,828,934,999,0.96,False,f
999,271,825,930,999,0.94,False,f
999,267,845,926,999,0.96,False,f
999,277,847,941,999,1.0,False,f
999,276,867,913,999,0.96,False,f
999,278,843,911,999,0.97,False,f
999,275,816,926,999,0.94,False,f
999,277,832,931,999,0.96,False,f
999,280,822,929,999,0.96,False,f
999,271,784,931,999,0.97,False,f
999,279,786,927,999,0.96,False,f
999,273,747,922,999,0.97,False,f
999,287,750,920,999,0.98,False,f
999,281,745,922,999,0.99,False,f
999,278,774,926,999,0.99,False,f
999,278,774,921,999,0.98,False,f
999,281,762,930,999,0.99,False,f
999,282,778,922,999,0.99,False,f
999,470,523,353,850,0.84,False,g
965,467,520,305,828,0.83,False,g
999,467,512,307,837,0.83,False,g
957,477,511,312,808,0.82,False,g
984,493,511,388,813,0.82,False,g
954,510,507,537,916,0.82,False,g
999,527,505,572,945,0.82,False,g
999,532,483,494,942,0.81,False,g
989,504,476,458,924,0.84,False,g
999,498,468,512,925,0.83,False,g
904,491,465,504,911,0.83,False,g
983,495,468,529,930,0.81,False,g
999,494,505,539,925,0.84,False,g
999,501,502,468,932,0.83,False,g
999,496,497,506,942,0.83,False,g
999,493,499,407,949,0.84,False,g
988,486,504,49,944,0.82,False,g
999,484,500,28,931,0.84,False,g
999,490,474,22,928,0.82,False,g
999,492,501,21,943,0.83,False,g
999,492,497,17,940,0.83,False,g
999,490,493,20,949,0.82,False,g
999,497,483,17,939,0.84,False,g
999,500,483,18,965,0.83,False,g
991,503,489,17,944,0.82,False,g
990,504,453,17,949,0.82,False,g
999,507,463,18,960,0.83,False,g
999,501,454,19,956,0.82,False,g
999,491,453,17,928,0.83,False,g
999,489,458,17,939,0.84,False,g
999,999,999,702,999,0.82,False,h
999,999,999,712,999,0.67,False,h
999,250,999,491,999,0.78,False,h
999,99,148,716,999,0.84,False,h
0,47,37,657,999,0.87,False,h
0,0,27,303,999,0.95,False,h
0,47,0,241,999,0.81,False,h
999,44,0,174,999,0.76,False,h
159,24,0,232,999,0.72,False,h
0,81,0,840,999,0.76,False,h
0,0,0,888,999,0.79,False,h
0,0,0,875,999,0.76,False,h
0,0,1,878,999,0.78,False,h
0,0,8,880,999,0.86,False,h
0,0,12,870,999,0.83,False,h
0,0,51,897,999,0.83,False,h
0,0,38,882,999,0.8,False,h
0,0,17,884,999,0.85,False,h
0,0,9,877,999,0.83,False,h
0,0,17,886,999,0.82,False,h
0,0,24,876,999,0.84,False,h
0,0,19,878,999,0.83,False,h
0,0,16,867,999,0.83,False,h
0,0,20,886,999,0.83,False,h
0,0,26,883,999,0.84,False,h
0,0,24,886,999,0.83,False,h
709,0,30,884,999,0.84,False,h
999,0,29,886,999,0.81,False,h
999,0,32,886,999,0.81,False,h
999,3,39,882,999,0.82,False,h
999,999,739,6,280,0.65,False,h
999,999,749,5,299,0.66,False,h
999,999,781,8,329,0.69,False,h
999,999,789,4,310,0.64,False,h
999,999,799,6,320,0.63,False,h
999,999,793,7,323,0.65,False,h
999,999,800,6,327,0.66,False,h
999,999,825,7,324,0.65,False,h
999,999,786,3,328,0.63,False,h
999,999,753,8,340,0.66,False,h
999,999,762,5,331,0.64,False,h
999,999,761,8,323,0.65,False,h
999,999,766,8,331,0.65,False,h
999,999,753,2,335,0.64,False,h
999,999,784,4,301,0.64,False,h
999,999,789,9,336,0.66,False,h
999,999,800,9,333,0.65,False,h
999,999,794,11,341,0.64,False,h
999,999,798,7,341,0.64,False,h
999,999,789,6,340,0.66,False,h
999,999,811,9,351,0.66,False,h
999,999,827,10,364,0.63,False,h
999,999,838,12,364,0.65,False,h
999,999,809,11,369,0.64,False,h
999,999,795,10,360,0.63,False,h
999,999,801,11,368,0.65,False,h
999,999,806,12,363,0.63,False,h
999,999,817,13,357,0.65,False,h
999,999,809,11,351,0.63,False,h
999,999,770,12,371,0.64,False,h
999,213,123,900,999,0.84,False,i
999,208,111,891,999,0.83,False,i
999,217,111,894,999,0.84,False,i
999,212,116,890,999,0.83,False,i
999,219,122,900,999,0.82,False,i
999,212,127,900,999,0.84,False,i
999,212,118,895,999,0.83,False,i
999,219,121,892,999,0.83,False,i
999,212,117,891,999,0.83,False,i
999,219,124,893,999,0.83,False,i
999,217,125,896,999,0.83,False,i
999,209,121,892,999,0.83,False,i
999,212,117,888,999,0.82,False,i
999,227,117,893,999,0.82,False,i
999,222,123,888,999,0.83,False,i
999,230,117,892,999,0.82,False,i
999,228,118,886,999,0.82,False,i
999,229,116,893,999,0.84,False,i
999,231,119,884,999,0.84,False,i
999,237,129,894,999,0.82,False,i
999,239,127,890,999,0.84,False,i
999,237,125,888,999,0.81,False,i
999,244,119,893,999,0.84,False,i
999,246,130,891,999,0.82,False,i
999,252,127,893,999,0.83,False,i
999,242,127,888,999,0.82,False,i
999,245,126,896,999,0.82,False,i
999,248,123,883,999,0.82,False,i
999,253,126,894,999,0.81,False,i
999,248,128,889,999,0.81,False,i
999,130,160,999,999,0.39,True,j
999,41,154,999,999,1.55,True,j
999,36,125,935,999,1.47,True,j
999,112,155,999,999,0.72,True,j
999,156,236,999,999,0.66,True,j
999,142,191,999,999,0.92,True,j
999,62,146,999,999,1.64,True,j
999,78,129,982,999,1.46,True,j
999,132,158,999,999,0.98,True,j
999,197,229,999,999,0.21,True,j
999,146,192,999,999,0.81,True,j
999,39,197,999,999,1.62,False,j
999,43,188,999,999,1.54,True,j
999,110,237,999,999,0.84,True,j
999,178,341,999,999,0.32,True,j
999,161,591,999,999,0.63,False,j
999,144,234,999,999,0.98,True,j
999,68,212,999,999,1.45,True,j
999,85,228,999,999,1.32,True,j
999,148,284,999,999,0.69,True,j
999,225,410,999,970,-0.26,True,j
999,181,358,999,999,0.79,True,j
999,65,212,999,999,1.75,True,j
999,40,160,999,999,1.52,True,j
999,117,236,999,999,1.12,True,j
999,194,328,999,999,0.26,True,j
999,209,485,999,999,0.82,True,j
999,160,218,999,999,1.09,True,j
999,104,216,999,999,1.66,True,j
999,132,261,999,999,0.92,True,j
999,449,999,999,999,1.34,False,k
999,445,999,999,999,1.11,True,k
999,472,999,999,999,0.65,True,k
999,455,999,999,999,0.53,False,k
999,455,999,999,999,0.89,True,k
999,425,999,999,999,0.96,True,k
999,430,999,999,999,1.32,False,k
999,466,999,999,999,1.56,True,k
999,452,999,999,999,0.62,False,k
999,424,999,999,999,0.58,False,k
999,484,999,999,999,0.43,True,k
999,447,874,999,999,1.37,False,k
999,467,914,999,999,1.19,True,k
999,460,999,999,999,0.61,True,k
999,434,999,999,999,0.49,False,k
999,468,999,999,999,0.55,True,k
999,447,999,999,999,1.57,False,k
999,466,999,999,999,1.13,True,k
999,443,999,999,999,0.52,True,k
999,412,999,999,999,0.72,False,k
999,466,999,999,999,1.0,True,k
999,458,999,999,999,1.37,False,k
999,455,999,999,999,1.35,False,k
999,540,999,999,999,1.18,True,k
999,592,999,999,999,0.73,False,k
999,431,999,999,999,0.64,False,k
999,455,999,999,999,0.9,True,k
999,436,999,999,999,0.73,False,k
999,447,999,999,999,0.8,False,k
999,884,999,999,999,0.88,True,k
331,476,133,890,0,0.94,False,l
300,477,133,891,0,0.97,False,l
262,480,133,891,0,0.94,False,l
286,477,137,892,0,0.97,False,l
308,477,131,891,0,0.95,False,l
396,476,132,889,0,0.96,False,l
335,476,131,881,0,0.96,False,l
416,493,128,877,0,0.97,False,l
460,527,128,883,0,1.0,False,l
591,565,133,887,0,0.98,False,l
631,558,137,894,0,0.97,False,l
557,554,135,886,0,0.95,False,l
466,555,138,889,0,0.97,False,l
432,556,140,890,0,0.96,False,l
382,556,141,890,0,0.96,False,l
353,551,142,887,0,0.97,False,l
306,552,141,887,0,0.97,False,l
357,551,138,888,0,0.98,False,l
372,550,140,885,0,0.97,False,l
392,547,139,890,0,0.96,False,l
348,547,135,890,0,0.97,False,l
432,550,134,894,0,0.98,False,l
442,548,135,890,0,0.96,False,l
680,543,135,893,0,0.98,False,l
664,550,134,886,0,0.97,False,l
621,547,139,890,0,0.98,False,l
506,540,137,886,0,0.96,False,l
605,545,140,890,0,0.97,False,l
449,486,158,887,0,0.95,False,l
281,462,163,892,0,0.95,False,l
999,660,552,999,314,1.4,False,m
999,640,556,999,327,1.39,False,m
999,648,546,999,330,1.4,False,m
999,669,554,999,336,1.38,False,m
999,657,553,999,319,1.41,False,m
999,656,559,999,403,1.39,False,m
999,660,581,999,425,1.38,False,m
999,670,597,999,450,1.4,False,m
999,658,587,999,411,1.4,False,m
999,658,593,999,367,1.39,False,m
999,646,584,999,446,1.4,False,m
999,648,583,999,451,1.4,False,m
999,648,588,967,507,1.39,False,m
999,643,598,954,478,1.39,False,m
999,645,595,999,389,1.39,False,m
999,650,599,976,397,1.38,False,m
999,656,597,952,383,1.4,False,m
999,653,582,999,414,1.38,False,m
999,655,600,983,445,1.41,False,m
999,651,607,974,443,1.38,False,m
999,654,593,987,427,1.42,False,m
999,654,598,981,439,1.4,False,m
999,671,611,999,422,1.43,False,m
999,671,592,965,421,1.43,False,m
999,699,606,943,432,1.45,False,m
999,681,683,931,465,1.43,False,m
999,657,670,940,409,1.43,False,m
999,630,956,942,411,1.42,False,m
999,654,933,942,505,1.42,False,m
999,732,830,940,507,1.41,False,m
999,999,999,999,550,1.63,False,n
999,999,999,999,553,1.6,False,n
999,999,999,999,554,1.6,False,n
999,999,999,999,547,1.62,False,n
999,999,999,999,564,1.65,False,n
999,999,999,999,549,1.61,False,n
999,999,999,999,545,1.62,False,n
999,999,999,999,557,1.65,False,n
999,999,999,999,554,1.63,False,n
999,999,999,999,547,1.63,False,n
999,999,999,999,546,1.62,False,n
999,999,999,999,547,1.63,False,n
999,999,999,999,552,1.63,False,n
999,999,999,999,532,1.62,False,n
999,999,999,999,530,1.65,False,n
999,999,999,999,544,1.64,False,n
999,999,999,999,537,1.62,False,n
999,999,999,999,515,1.64,False,n
999,999,999,999,470,1.64,False,n
999,999,999,999,507,1.64,False,n
999,999,999,999,479,1.62,False,n
999,999,999,999,531,1.63,False,n
999,999,999,999,499,1.65,False,n
999,999,999,999,491,1.64,False,n
999,999,999,999,475,1.65,False,n
999,999,999,999,492,1.64,False,n
999,999,999,999,505,1.62,False,n
999,999,999,999,475,1.63,False,n
999,999,999,999,486,1.64,False,n
999,999,999,999,547,1.63,False,n
999,999,999,999,214,1.04,False,-
999,970,999,999,232,1.59,True,-
999,756,999,999,179,1.5,True,-
999,948,999,999,164,1.24,True,-
999,912,999,999,234,1.06,True,-
999,735,999,999,226,1.76,False,-
999,724,999,999,734,1.43,True,-
999,983,999,999,423,1.22,False,-
999,849,999,999,482,1.13,True,-
999,929,999,999,442,1.74,False,-
999,738,999,999,361,1.38,True,-
999,999,999,999,421,1.22,False,-
999,952,999,999,445,1.07,True,-
999,946,999,999,367,1.75,False,-
999,733,999,999,446,1.51,True,-
999,949,999,999,425,1.29,False,-
999,938,999,999,472,1.28,True,-
999,915,999,999,531,1.66,False,-
999,719,999,999,397,1.43,True,-
999,904,999,999,391,1.19,False,-
999,859,999,999,373,1.22,True,-
999,741,999,999,407,1.7,True,-
999,778,999,999,473,1.44,True,-
999,941,999,999,455,1.21,False,-
999,902,999,999,533,1.29,True,-
999,891,999,999,459,1.63,True,-
999,895,999,999,477,1.38,True,-
999,910,999,999,526,1.2,False,-
999,943,999,999,421,1.65,True,-
999,902,999,999,390,1.58,True,-
999,0,0,191,909,1.24,False,o
999,0,0,190,909,1.24,False,o
999,0,0,204,902,1.23,False,o
999,0,0,182,904,1.22,False,o
999,0,0,182,891,1.23,False,o
999,0,0,181,896,1.22,False,o
999,0,0,179,891,1.22,False,o
999,0,0,185,894,1.22,False,o
999,0,0,198,868,1.23,False,o
999,0,0,195,867,1.22,False,o
999,0,0,193,904,1.23,False,o
999,0,0,190,910,1.22,False,o
999,0,0,191,918,1.21,False,o
999,0,0,201,920,1.21,False,o
999,0,0,198,938,1.23,False,o
999,0,0,202,930,1.22,False,o
999,0,0,208,930,1.21,False,o
999,0,0,208,933,1.22,False,o
999,0,0,222,949,1.22,False,o
999,0,0,215,925,1.21,False,o
999,0,0,215,944,1.22,False,o
999,0,0,216,944,1.23,False,o
999,0,0,216,940,1.22,False,o
999,0,0,216,942,1.23,False,o
999,0,0,211,932,1.22,False,o
999,0,0,205,924,1.23,False,o
999,0,0,205,939,1.22,False,o
999,0,0,207,942,1.23,False,o
999,0,0,205,943,1.23,False,o
999,0,0,204,944,1.23,False,o
0,999,999,999,160,1.0,False,p
0,999,999,999,173,1.0,False,p
0,999,999,999,215,1.0,False,p
0,999,999,999,199,1.0,False,p
0,999,999,999,185,0.99,False,p
36,999,999,999,174,1.0,False,p
12,999,999,999,177,1.0,False,p
10,999,999,999,191,1.0,False,p
40,999,999,999,214,0.99,False,p
63,999,999,999,201,0.99,False,p
0,999,999,999,170,1.01,False,p
0,999,999,999,177,1.0,False,p
39,999,999,999,187,0.99,False,p
28,999,999,999,191,0.99,False,p
46,999,999,999,208,1.0,False,p
56,999,999,999,177,0.96,False,p
0,999,999,999,164,1.07,False,p
13,999,999,999,167,1.0,False,p
17,999,999,999,173,1.02,False,p
16,999,999,999,188,1.01,False,p
24,999,999,999,179,1.04,False,p
0,999,999,999,158,1.02,False,p
0,999,999,999,165,1.03,False,p
0,999,999,999,179,1.01,False,p
0,999,999,999,174,1.01,False,p
4,999,999,999,197,1.03,False,p
0,999,999,999,172,1.03,False,p
0,999,999,999,173,1.02,False,p
0,999,999,999,171,1.01,False,p
0,999,999,999,186,1.02,False,p
999,330,0,581,999,1.02,True,q
999,339,3,679,999,2.14,False,q
999,375,15,663,999,1.49,True,q
999,394,4,610,999,0.98,True,q
999,386,7,757,999,1.46,False,q
999,431,15,795,999,1.72,True,q
999,438,12,672,999,1.01,True,q
999,411,13,672,999,1.58,False,q
999,455,14,745,999,1.55,True,q
999,412,9,672,999,1.38,True,q
999,411,7,775,999,1.45,True,q
999,561,22,679,999,1.79,False,q
999,498,3,610,999,1.58,True,q
999,431,0,630,999,1.54,True,q
999,397,3,622,999,1.5,False,q
999,423,0,612,999,1.35,True,q
999,382,1,626,999,1.54,False,q
999,334,2,628,999,1.56,False,q
999,348,0,611,999,1.33,True,q
999,378,0,649,999,1.73,False,q
999,413,1,674,999,1.33,True,q
999,369,0,608,999,1.1,True,q
999,330,6,635,999,1.87,False,q
999,379,2,595,999,1.33,True,q
999,393,0,589,999,1.18,True,q
999,368,7,789,999,1.92,False,q
999,327,0,633,999,1.49,True,q
999,351,0,616,999,1.31,True,q
999,377,0,791,999,1.73,False,q
999,402,9,678,999,1.67,True,q
999,0,785,138,552,1.35,False,r
999,0,791,140,554,1.35,False,r
999,0,785,143,547,1.37,False,r
999,0,785,142,547,1.35,False,r
999,0,774,117,604,1.36,False,r
999,0,747,116,612,1.36,False,r
999,0,749,134,605,1.36,False,r
999,0,748,133,608,1.35,False,r
999,0,753,114,583,1.36,False,r
999,0,731,100,571,1.35,False,r
999,0,731,93,563,1.35,False,r
999,0,730,102,573,1.35,False,r
999,0,745,110,590,1.34,False,r
999,0,784,113,591,1.34,False,r
999,0,755,98,568,1.35,False,r
999,0,753,96,571,1.34,False,r
999,0,790,107,601,1.36,False,r
999,0,776,104,586,1.36,False,r
999,0,800,105,576,1.34,False,r
999,0,791,104,586,1.35,False,r
999,0,767,95,597,1.35,False,r
999,0,762,95,576,1.35,False,r
999,0,777,102,580,1.33,False,r
999,0,782,106,586,1.35,False,r
999,0,766,100,564,1.38,False,r
999,0,749,94,564,1.35,False,r
999,0,762,94,584,1.37,False,r
999,0,747,96,572,1.35,False,r
999,0,755,100,576,1.35,False,r
999,0,775,99,568,1.38,False,r
999,148,9,80,12,1.04,False,s
999,143,7,69,12,1.04,False,s
999,137,7,79,26,1.03,False,s
999,123,6,83,20,1.01,False,s
999,134,11,90,13,1.0,False,s
999,142,11,86,25,0.97,False,s
999,139,9,83,29,1.03,False,s
999,133,10,81,24,0.95,False,s
999,138,8,81,28,1.2,False,s
999,133,7,84,17,1.18,False,s
999,140,12,85,23,1.19,False,s
999,143,12,76,19,1.15,False,s
999,136,7,66,22,1.26,False,s
999,137,9,63,26,1.24,False,s
999,136,8,67,24,1.23,False,s
999,141,12,77,26,1.29,False,s
999,138,11,57,26,1.03,False,s
999,130,6,61,19,1.01,False,s
999,133,7,79,36,1.06,False,s
999,144,11,88,59,1.05,False,s
999,174,24,124,106,1.02,False,s
999,183,29,161,172,1.04,False,s
999,193,38,188,207,1.06,False,s
999,187,51,231,263,1.09,False,s
999,214,62,242,300,1.12,False,s
999,217,65,240,324,1.08,False,s
999,205,59,227,331,1.08,False,s
999,207,60,197,342,1.09,False,s
999,196,57,194,341,1.02,False,s
999,201,68,195,341,1.1,False,s
0,591,41,93,116,0.99,False,t
0,588,41,92,117,0.98,False,t
0,591,40,85,116,0.98,False,t
0,588,44,89,105,0.98,False,t
0,590,43,96,116,0.99,False,t
0,605,44,96,112,1.0,False,t
0,592,42,104,111,1.0,False,t
0,590,43,85,116,1.0,False,t
0,588,41,83,106,1.0,False,t
0,592,45,82,106,1.02,False,t
0,592,42,88,117,0.99,False,t
0,594,46,93,116,1.01,False,t
0,592,42,91,104,0.99,False,t
0,593,43,84,106,0.99,False,t
0,591,43,82,97,0.99,False,t
0,588,42,86,97,0.98,False,t
0,588,46,85,103,0.98,False,t
0,588,44,95,101,0.98,False,t
0,584,43,88,109,0.99,False,t
0,588,43,85,96,1.0,False,t
0,586,46,85,111,0.97,False,t
0,583,48,92,116,0.98,False,t
0,588,45,108,121,0.99,False,t
0,586,44,105,116,1.0,False,t
0,586,47,99,111,0.99,False,t
0,584,45,93,111,0.98,False,t
0,586,55,103,116,0.99,False,t
0,588,43,103,120,1.01,False,t
0,583,44,96,120,1.01,False,t
0,583,45,86,107,0.98,False,t
555,999,472,306,515,1.1,False,u
847,999,477,350,534,1.07,False,u
780,999,476,294,530,1.09,False,u
815,999,465,302,527,1.09,False,u
837,999,475,289,525,1.11,False,u
979,999,470,296,513,1.08,False,u
999,999,471,288,519,1.08,False,u
802,999,483,280,500,1.1,False,u
716,999,508,281,516,1.1,False,u
739,999,503,276,510,1.11,False,u
999,999,532,280,511,1.09,False,u
999,999,496,288,498,1.08,False,u
999,999,551,269,489,1.11,False,u
895,999,541,271,492,1.09,False,u
999,999,553,344,492,1.11,False,u
999,999,550,283,484,1.1,False,u
999,999,547,326,486,1.12,False,u
999,999,559,333,489,1.08,False,u
999,999,552,300,477,1.1,False,u
999,999,559,334,491,1.11,False,u
999,999,569,365,491,1.1,False,u
999,999,589,372,493,1.09,False,u
999,999,578,367,496,1.11,False,u
999,999,553,358,489,1.11,False,u
999,999,562,346,480,1.1,False,u
999,999,547,341,480,1.11,False,u
999,999,558,343,489,1.09,False,u
999,999,558,365,491,1.1,False,u
999,999,558,352,488,1.1,False,u
999,999,554,355,477,1.11,False,u
999,543,568,821,999,1.23,False,v
999,540,558,842,999,1.23,False,v
999,548,557,849,999,1.22,False,v
999,541,590,837,999,1.21,False,v
999,536,581,850,999,1.23,False,v
999,541,581,838,999,1.21,False,v
999,557,580,810,999,1.22,False,v
999,536,616,851,999,1.21,False,v
999,533,636,798,999,1.21,False,v
999,570,611,782,999,1.23,False,v
999,576,613,774,999,1.21,False,v
999,574,605,788,999,1.22,False,v
999,561,628,819,999,1.21,False,v
999,561,642,814,999,1.21,False,v
999,516,631,822,999,1.22,False,v
999,512,620,999,999,1.23,False,v
999,498,618,999,999,1.24,False,v
999,505,620,999,999,1.27,False,v
999,504,617,999,999,1.24,False,v
999,570,623,999,999,1.22,False,v
999,571,623,999,999,1.21,False,v
999,575,628,999,999,1.23,False,v
999,575,644,999,999,1.21,False,v
999,584,660,999,999,1.21,False,v
999,574,659,953,999,1.24,False,v
999,578,654,922,999,1.2,False,v
999,576,653,832,999,1.22,False,v
999,578,660,825,999,1.22,False,v
999,579,661,774,999,1.22,False,v
999,579,661,674,999,1.22,False,v
999,649,523,999,496,1.15,False,w
999,648,582,999,529,1.14,False,w
999,657,591,999,524,1.15,False,w
999,673,606,999,446,1.14,False,w
999,669,611,999,461,1.14,False,w
999,656,613,999,512,1.15,False,w
999,658,614,999,496,1.13,False,w
999,653,620,999,464,1.13,False,w
999,663,618,999,519,1.14,False,w
999,642,612,999,547,1.15,False,w
999,642,618,999,486,1.14,False,w
999,648,622,999,573,1.13,False,w
999,643,607,999,551,1.13,False,w
999,660,603,999,635,1.14,False,w
999,645,604,999,593,1.13,False,w
999,645,605,999,618,1.14,False,w
999,638,606,999,591,1.13,False,w
999,634,594,999,587,1.15,False,w
999,649,598,999,597,1.14,False,w
999,620,582,999,586,1.11,False,w
999,614,597,999,604,1.13,False,w
999,611,602,999,595,1.13,False,w
999,529,601,999,622,1.12,False,w
999,529,598,999,637,1.15,False,w
999,553,601,999,599,1.12,False,w
999,522,598,999,611,1.15,False,w
999,528,603,999,606,1.13,False,w
999,503,603,999,570,1.14,False,w
999,486,595,999,573,1.15,False,w
999,491,590,999,552,1.13,False,w
999,18,157,185,364,0.93,False,x
999,17,165,188,355,0.81,False,x
999,16,165,191,331,0.69,False,x
999,15,170,190,344,0.42,False,x
999,16,169,193,393,0.33,False,x
999,17,167,210,435,0.39,False,x
999,18,168,200,423,0.62,False,x
999,18,175,191,430,0.85,False,x
999,22,172,188,408,0.94,False,x
999,22,166,189,411,0.85,False,x
999,21,174,194,388,0.57,False,x
999,19,178,191,397,0.56,False,x
999,19,178,206,435,0.34,False,x
999,17,171,199,416,0.51,False,x
999,16,172,195,415,0.73,False,x
999,19,175,188,407,0.96,False,x
999,17,174,181,400,0.86,False,x
999,13,172,181,380,0.7,False,x
999,15,173,190,382,0.53,False,x
999,17,173,206,398,0.2,False,x
999,17,179,197,409,0.35,False,x
999,19,175,200,414,0.94,False,x
999,19,179,210,378,1.1,False,x
999,18,180,205,347,0.74,True,x
999,18,172,218,411,-0.22,False,x
999,17,164,208,422,0.14,False,x
999,17,172,208,436,1.06,False,x
999,17,181,216,376,1.07,False,x
999,15,181,218,342,0.88,True,x
999,22,188,240,350,-0.07,False,x
178,352,49,999,999,0.58,False,y
186,361,49,999,999,0.58,False,y
89,370,50,999,999,0.58,False,y
204,359,49,999,999,0.58,False,y
182,355,47,999,999,0.57,False,y
28,379,43,999,999,0.58,False,y
0,368,45,999,999,0.59,False,y
79,363,41,999,999,0.58,False,y
52,374,46,999,999,0.59,False,y
87,393,39,999,999,0.58,False,y
84,384,40,999,999,0.58,False,y
76,382,40,999,999,0.59,False,y
82,379,36,999,999,0.58,False,y
116,375,37,999,999,0.6,False,y
109,380,36,999,999,0.58,False,y
87,397,36,999,999,0.59,False,y
25,385,33,999,999,0.58,False,y
37,403,37,999,999,0.59,False,y
101,388,39,999,999,0.57,False,y
58,391,34,999,999,0.58,False,y
100,382,36,999,999,0.58,False,y
91,374,36,999,999,0.59,False,y
102,373,31,999,999,0.58,False,y
85,385,32,999,999,0.6,False,y
38,373,26,999,999,0.58,False,y
62,362,28,999,999,0.6,False,y
68,385,29,999,999,0.59,False,y
94,391,25,999,999,0.59,False,y
48,391,30,999,999,0.59,False,y
57,379,25,999,999,0.58,False,y
0,999,171,128,999,0.97,False,z
0,999,236,142,937,1.08,False,z
0,999,306,166,848,1.35,False,z
0,999,275,155,898,1.44,False,z
0,621,246,172,886,1.4,True,z
0,619,215,140,998,1.08,False,z
0,826,202,127,998,1.13,False,z
0,999,216,133,999,1.13,False,z
0,999,194,97,999,1.23,False,z
0,999,156,93,949,1.41,False,z
0,999,155,110,940,1.24,False,z
0,999,188,156,999,1.25,False,z
0,999,181,161,999,1.14,False,z
0,999,178,158,999,1.21,False,z
0,999,179,159,999,1.23,False,z
0,999,182,163,999,1.23,False,z
0,999,181,160,999,1.09,False,z
0,999,175,152,993,1.25,False,z
0,999,182,153,999,1.51,False,z
0,999,155,156,940,1.05,False,z
0,999,160,157,815,1.2,False,z
0,999,170,158,863,0.94,False,z
0,999,183,154,821,0.67,True,z
0,999,205,149,810,1.73,False,z
0,999,197,155,909,1.76,False,z
0,999,190,155,867,0.91,False,z
0,999,181,146,836,0.84,False,z
0,999,185,151,824,1.0,False,z
999,0,0,190,0,1.02,False,a
999,0,0,190,0,1.03,False,a
999,0,0,190,0,1.04,False,a
999,0,0,174,0,1.02,False,a
999,0,0,184,0,1.02,False,a
999,0,0,187,0,1.03,False,a
999,0,0,195,0,1.02,False,a
999,0,0,187,0,1.04,False,a
999,0,0,186,0,1.03,False,a
999,0,0,184,0,1.04,False,a
999,0,0,181,0,1.03,False,a
999,0,0,190,0,1.02,False,a
999,0,0,181,0,1.01,False,a
999,0,0,181,0,1.03,False,a
999,0,0,181,0,1.02,False,a
999,0,0,182,0,1.02,False,a
999,0,0,186,0,1.01,False,a
999,0,0,187,0,1.02,False,a
999,0,0,190,0,1.03,False,a
999,0,0,190,0,1.02,False,a
999,0,0,194,0,1.02,False,a
999,0,0,186,0,1.03,False,a
999,0,0,183,0,1.04,False,a
999,0,0,182,0,1.02,False,a
999,0,0,187,0,1.04,False,a
999,0,0,194,0,1.02,False,a
999,0,0,188,0,1.03,False,a
999,0,0,186,0,1.03,False,a
999,0,0,183,0,1.02,False,a
0,999,685,999,430,1.11,False,b
0,999,690,999,429,1.11,False,b
0,999,690,999,434,1.1,False,b
0,999,686,999,435,1.1,False,b
0,999,708,999,434,1.1,False,b
0,999,714,999,434,1.11,False,b
0,999,707,999,436,1.11,False,b
0,999,708,999,439,1.1,False,b
0,999,714,999,435,1.11,False,b
0,999,707,999,435,1.1,False,b
0,999,698,999,440,1.09,False,b
0,999,680,999,438,1.09,False,b
0,999,695,999,433,1.11,False,b
0,999,709,999,435,1.09,False,b
0,999,712,999,444,1.09,False,b
0,999,708,999,440,1.11,False,b
0,999,718,999,439,1.09,False,b
0,999,688,999,449,1.11,False,b
0,999,701,999,452,1.11,False,b
0,999,693,999,446,1.12,False,b
0,999,697,999,452,1.12,False,b
0,999,701,999,459,1.12,False,b
0,999,701,999,460,1.11,False,b
0,999,686,999,463,1.11,False,b
0,999,700,999,468,1.1,False,b
0,999,699,999,463,1.11,False,b
0,999,695,999,461,1.11,False,b
0,999,686,999,463,1.09,False,b
0,999,693,999,471,1.12,False,b
0,999,674,999,470,1.11,False,b
159,416,277,999,999,1.2,False,c
162,420,275,999,999,1.21,False,c
161,436,276,999,999,1.2,False,c
159,412,279,999,999,1.19,False,c
157,406,279,999,999,1.2,False,c
161,404,275,999,999,1.2,False,c
159,398,279,999,999,1.2,False,c
167,406,278,999,999,1.2,False,c
167,406,285,999,999,1.18,False,c
159,405,280,999,999,1.19,False,c
161,406,280,999,999,1.18,False,c
159,404,283,999,999,1.19,False,c
152,406,280,999,999,1.19,False,c
148,396,281,999,999,1.2,False,c
155,418,284,999,999,1.19,False,c
154,410,283,999,999,1.2,False,c
156,393,286,999,999,1.21,False,c
157,416,284,999,999,1.19,False,c
157,423,293,999,999,1.2,False,c
156,419,289,999,999,1.2,False,c
158,402,289,999,999,1.21,False,c
149,405,290,999,999,1.2,False,c
158,392,288,999,999,1.2,False,c
151,380,290,999,999,1.18,False,c
155,408,290,999,999,1.2,False,c
160,411,295,999,999,1.2,False,c
164,407,292,999,999,1.21,False,c
162,406,291,999,999,1.2,False,c
159,415,294,999,999,1.18,False,c
163,418,291,999,999,1.19,False,c
999,468,0,0,0,1.11,False,d
999,468,0,0,0,1.1,False,d
999,467,0,0,0,1.11,False,d
999,464,0,0,0,1.1,False,d
999,467,0,0,0,1.1,False,d
999,467,0,0,0,1.1,False,d
999,472,0,0,0,1.1,False,d
999,466,0,0,0,1.15,False,d
999,471,0,0,0,1.1,False,d
999,475,0,0,0,1.12,False,d
999,474,0,0,0,1.1,False,d
999,477,0,0,0,1.1,False,d
999,476,0,0,0,1.1,False,d
999,481,0,0,0,1.1,False,d
999,501,0,0,0,1.12,False,d
999,501,0,0,0,1.1,False,d
999,503,0,0,0,1.11,False,d
999,503,0,0,0,1.1,False,d
999,504,0,0,0,1.1,False,d
999,505,0,0,0,1.11,False,d
999,504,0,0,0,1.12,False,d
999,504,0,0,0,1.12,False,d
999,505,0,0,0,1.11,False,d
999,508,0,0,0,1.09,False,d
999,507,0,0,0,1.11,False,d
999,504,0,0,0,1.11,False,d
999,512,0,0,0,1.12,False,d
999,520,0,0,0,1.11,False,d
999,522,0,0,0,1.11,False,d
999,529,0,0,0,1.08,False,d
0,0,0,0,14,1.17,False,e
0,0,0,0,17,1.17,False,e
0,0,0,0,7,1.19,False,e
0,0,0,0,6,1.18,False,e
0,0,0,0,19,1.17,False,e
0,0,0,0,14,1.17,False,e
0,0,0,0,17,1.17,False,e
0,0,0,0,7,1.18,False,e
0,0,0,0,21,1.18,False,e
0,0,0,0,9,1.19,False,e
0,0,0,0,14,1.19,False,e
0,0,0,0,13,1.2,False,e
0,0,0,0,7,1.2,False,e
0,0,0,0,15,1.16,False,e
0,0,0,0,13,1.18,False,e
0,0,0,0,14,1.2,False,e
0,0,0,0,17,1.18,False,e
0,0,0,0,17,1.16,False,e
0,0,0,0,21,1.18,False,e
0,0,0,0,14,1.21,False,e
0,0,0,0,20,1.2,False,e
0,0,0,0,19,1.19,False,e
0,0,0,0,13,1.2,False,e
0,0,0,0,9,1.19,False,e
0,0,0,0,21,1.2,False,e
0,0,0,0,17,1.21,False,e
0,0,0,0,15,1.2,False,e
0,0,0,0,12,1.2,False,e
0,0,0,0,12,1.21,False,e
0,0,0,0,18,1.2,False,e
80,0,758,795,399,0.96,False,f
92,0,733,810,430,0.97,False,f
95,0,750,804,432,0.96,False,f
88,0,767,809,438,0.97,False,f
75,0,747,785,429,0.95,False,f
84,0,746,779,438,0.96,False,f
74,0,765,790,441,0.96,False,f
73,0,761,798,451,0.96,False,f
72,0,768,832,447,0.97,False,f
80,0,755,817,454,0.95,False,f
74,0,743,876,457,0.96,False,f
81,0,727,949,462,0.96,False,f
81,0,758,998,467,0.94,False,f
87,0,757,988,470,0.96,False,f
89,0,738,972,467,0.96,False,f
88,0,750,985,462,0.98,False,f
86,0,775,980,462,0.96,False,f
82,0,748,929,456,0.96,False,f
86,0,754,964,452,0.97,False,f
89,0,742,961,454,0.95,False,f
81,0,747,946,455,0.96,False,f
87,0,763,972,455,0.96,False,f
87,0,732,992,456,0.96,False,f
84,0,740,999,454,0.97,False,f
84,0,724,999,444,0.97,False,f
88,0,726,999,456,0.98,False,f
88,0,718,999,462,0.96,False,f
91,0,728,999,465,0.97,False,f
90,0,738,999,470,0.97,False,f
88,0,739,999,452,0.97,False,f
999,994,0,0,44,0.74,False,g
999,989,0,0,53,0.72,False,g
999,992,0,0,51,0.75,False,g
999,996,0,0,48,0.75,False,g
999,990,0,0,42,0.73,False,g
999,995,0,0,53,0.74,False,g
999,991,0,0,63,0.72,False,g
999,989,0,0,56,0.73,False,g
999,985,0,0,52,0.74,False,g
999,985,0,0,57,0.73,False,g
999,988,0,0,56,0.74,False,g
999,985,0,0,53,0.73,False,g
999,993,0,0,59,0.75,False,g
999,999,0,0,53,0.76,False,g
999,995,0,0,53,0.72,False,g
999,991,0,0,56,0.73,False,g
999,991,0,0,62,0.72,False,g
999,989,0,0,53,0.73,False,g
999,989,0,0,58,0.72,False,g
999,988,0,0,59,0.73,False,g
999,987,0,0,61,0.73,False,g
999,989,0,0,59,0.73,False,g
999,990,0,0,59,0.73,False,g
999,986,0,0,58,0.73,False,g
999,992,0,0,57,0.73,False,g
999,995,0,0,51,0.74,False,g
999,987,0,0,56,0.73,False,g
999,987,0,0,61,0.74,False,g
999,991,0,0,56,0.76,False,g
999,993,0,0,61,0.76,False,g
999,999,999,461,714,1.0,False,h
999,999,999,432,707,1.0,False,h
999,999,999,406,707,1.01,False,h
999,999,999,390,711,1.0,False,h
999,999,999,474,705,1.0,False,h
999,999,999,457,690,1.01,False,h
999,999,999,467,698,1.0,False,h
999,999,999,517,729,1.01,False,h
999,999,999,509,728,0.98,False,h
999,999,999,509,727,0.99,False,h
999,999,999,538,731,0.99,False,h
999,999,999,526,734,1.02,False,h
999,999,999,517,763,1.0,False,h
999,999,999,505,754,0.99,False,h
999,999,999,507,754,1.0,False,h
999,999,999,506,751,0.99,False,h
999,999,999,517,751,1.01,False,h
999,999,999,524,731,1.03,False,h
999,999,999,524,744,0.99,False,h
999,999,999,528,731,0.98,False,h
999,999,999,562,757,1.01,False,h
999,999,999,559,757,0.99,False,h
999,999,999,546,767,1.01,False,h
999,999,999,543,784,1.01,False,h
999,999,999,561,790,1.01,False,h
999,999,999,556,785,0.99,False,h
999,999,999,555,795,1.0,False,h
999,999,999,546,794,1.02,False,h
999,999,999,543,799,1.01,False,h
999,999,999,545,800,1.01,False,h
141,0,0,0,795,1.03,False,i
157,0,0,0,785,1.06,False,i
172,0,0,0,761,1.05,False,i
127,0,0,0,767,1.03,False,i
160,0,0,0,785,1.04,False,i
182,0,0,0,810,1.03,False,i
178,0,0,0,796,1.04,False,i
164,0,0,0,784,1.04,False,i
170,0,0,0,771,1.04,False,i
175,0,0,0,790,1.03,False,i
228,0,0,0,779,1.05,False,i
206,0,0,0,806,1.04,False,i
216,0,0,0,807,1.03,False,i
210,0,0,0,836,1.03,False,i
226,0,0,0,827,1.03,False,i
213,0,0,0,837,1.03,False,i
232,0,0,0,844,1.01,False,i
198,0,0,0,851,1.04,False,i
201,0,0,0,842,1.03,False,i
232,0,0,0,854,1.05,False,i
256,0,0,0,854,1.04,False,i
262,0,0,0,849,1.04,False,i
242,0,0,0,871,1.04,False,i
267,0,0,0,886,1.04,False,i
261,0,0,0,869,1.03,False,i
279,0,0,0,864,1.03,False,i
237,0,0,0,908,1.04,False,i
263,0,0,0,935,1.03,False,i
286,0,0,0,911,1.05,False,i
282,0,0,0,930,1.03,False,i
999,0,68,969,999,1.78,True,j
999,0,62,884,987,0.9,True,j
999,0,86,999,985,0.47,True,j
999,0,113,999,999,0.72,True,j
999,0,113,999,999,1.02,True,j
999,0,114,999,999,1.89,True,j
999,0,125,999,999,2.13,False,j
999,0,103,999,999,2.04,True,j
999,0,115,999,999,1.99,True,j
999,0,118,999,999,1.03,True,j
999,0,129,999,999,0.95,True,j
999,0,127,999,996,1.22,True,j
999,0,118,999,999,1.75,True,j
999,0,116,999,999,1.99,True,j
999,0,103,999,999,2.06,True,j
999,0,92,883,999,1.73,True,j
999,0,101,972,999,1.18,True,j
999,0,140,999,999,0.64,True,j
999,0,199,999,999,1.07,False,j
999,0,114,945,999,1.08,True,j
999,0,125,999,999,2.09,True,j
999,0,110,999,999,1.96,True,j
999,0,103,886,999,1.82,True,j
999,0,113,934,999,0.91,True,j
999,0,190,999,999,1.03,True,j
999,0,122,999,999,0.94,True,j
999,0,107,999,999,1.61,True,j
999,0,139,999,999,2.07,True,j
999,0,100,999,999,2.18,True,j
999,0,98,999,999,1.69,True,j
999,999,999,614,163,2.36,True,k
999,999,999,518,144,2.44,True,k
999,999,999,690,165,1.71,True,k
999,999,999,960,163,0.29,False,k
999,999,548,314,139,0.85,True,k
999,999,887,596,181,2.24,True,k
999,999,999,972,181,1.14,True,k
999,999,999,960,203,0.55,False,k
999,999,999,692,181,1.81,True,k
999,999,999,774,217,1.65,True,k
999,999,999,808,200,0.79,False,k
999,999,999,627,183,1.19,True,k
999,999,999,642,178,2.36,False,k
999,972,999,858,184,0.88,True,k
999,999,999,768,200,0.48,True,k
999,960,999,700,187,2.15,False,k
999,999,999,810,259,1.42,True,k
999,999,999,960,232,0.53,False,k
999,999,999,766,217,1.7,True,k
999,930,999,736,239,1.7,True,k
999,918,999,743,198,0.61,False,k
999,999,999,667,184,0.86,True,k
999,962,999,742,195,2.13,True,k
999,999,999,999,205,0.55,True,k
999,999,999,460,201,0.4,True,k
999,999,999,636,170,2.54,False,k
999,979,999,852,204,1.18,True,k
999,999,999,919,200,0.43,False,k
999,999,717,310,138,0.68,True,k
999,999,921,747,204,2.3,True,k
999,540,21,32,297,1.47,False,l
999,537,22,35,305,1.48,False,l
999,534,21,32,315,1.47,False,l
999,537,20,36,305,1.47,False,l
999,530,22,33,305,1.47,False,l
999,518,25,42,301,1.48,False,l
999,532,25,36,308,1.48,False,l
999,537,22,27,301,1.48,False,l
999,534,25,29,303,1.48,False,l
999,532,24,22,305,1.48,False,l
999,531,27,27,299,1.48,False,l
999,533,25,30,301,1.47,False,l
999,533,23,22,309,1.48,False,l
999,530,18,24,315,1.48,False,l
999,533,13,16,283,1.48,False,l
999,534,12,8,299,1.49,False,l
999,529,9,10,294,1.47,False,l
999,537,0,0,332,1.48,False,l
999,555,0,0,394,1.47,False,l
999,534,0,0,389,1.48,False,l
999,544,0,0,394,1.49,False,l
999,573,5,0,394,1.47,False,l
999,580,0,0,381,1.48,False,l
999,674,0,0,399,1.49,False,l
999,674,0,0,375,1.48,False,l
999,653,0,0,379,1.49,False,l
999,643,0,0,379,1.47,False,l
999,627,0,0,381,1.48,False,l
999,600,0,0,374,1.49,False,l
999,599,0,0,369,1.48,False,l
297,513,724,999,93,1.87,False,m
313,518,712,999,86,1.89,False,m
314,565,730,999,81,1.87,False,m
290,549,740,999,91,1.88,False,m
296,540,729,999,93,1.89,False,m
309,548,727,999,106,1.9,False,m
313,509,726,999,101,1.88,False,m
290,507,728,999,100,1.91,False,m
281,498,736,999,97,1.88,False,m
283,522,740,999,88,1.92,False,m
291,516,756,999,86,1.92,False,m
321,587,754,999,79,1.93,False,m
304,549,739,999,80,1.94,False,m
343,598,748,999,75,1.89,False,m
297,565,761,999,75,1.94,False,m
327,561,746,999,79,1.94,False,m
308,576,729,999,78,1.93,False,m
290,556,733,999,78,1.97,False,m
304,550,733,999,73,1.95,False,m
300,536,720,999,72,1.93,False,m
314,522,729,999,77,1.93,False,m
317,528,734,999,81,1.95,False,m
329,535,742,999,90,1.95,False,m
319,531,733,999,90,1.95,False,m
286,531,724,999,89,1.96,False,m
309,537,709,999,90,1.95,False,m
328,536,730,999,91,1.95,False,m
304,525,724,999,95,1.95,False,m
304,530,731,999,100,1.95,False,m
332,528,733,999,106,1.96,False,m
999,501,754,81,100,1.76,False,n
999,515,745,76,102,1.77,False,n
999,509,745,88,106,1.76,False,n
999,503,746,107,111,1.76,False,n
999,500,747,128,111,1.77,False,n
999,510,748,141,115,1.77,False,n
999,509,726,134,108,1.77,False,n
999,507,756,135,117,1.76,False,n
999,501,757,132,115,1.77,False,n
999,507,763,130,118,1.75,False,n
999,518,754,125,108,1.75,False,n
999,519,740,103,119,1.76,False,n
999,517,765,85,106,1.76,False,n
999,515,771,71,100,1.75,False,n
999,522,763,57,96,1.76,False,n
999,533,738,60,95,1.75,False,n
999,534,740,53,95,1.75,False,n
999,539,733,49,88,1.77,False,n
999,538,754,55,89,1.77,False,n
999,517,746,63,95,1.75,False,n
999,506,720,80,101,1.76,False,n
999,495,726,80,99,1.77,False,n
999,499,730,121,107,1.77,False,n
999,488,735,115,102,1.77,False,n
999,490,725,118,106,1.76,False,n
999,494,735,121,106,1.77,False,n
999,485,741,128,106,1.76,False,n
999,492,736,140,124,1.76,False,n
999,492,741,144,116,1.78,False,n
999,498,746,138,107,1.79,False,n
999,462,785,195,241,1.8,False,-
999,467,771,184,261,1.88,False,-
999,463,766,185,256,1.77,False,-
999,464,770,165,248,1.67,False,-
999,463,753,176,264,1.62,False,-
999,464,772,175,261,1.59,False,-
999,466,775,204,264,1.64,False,-
999,465,798,251,259,1.92,False,-
999,466,764,249,253,1.79,False,-
999,465,761,254,247,1.79,False,-
999,466,761,255,255,1.8,False,-
999,465,767,283,244,1.8,False,-
999,464,764,273,248,1.8,False,-
999,466,762,255,271,1.54,True,-
999,463,761,203,212,1.33,True,-
999,466,782,181,252,1.41,True,-
999,464,754,184,234,2.07,False,-
999,461,761,167,247,1.64,True,-
999,467,754,176,242,1.85,True,-
999,469,748,178,242,1.43,True,-
999,461,754,162,248,1.29,True,-
999,459,745,165,222,1.4,True,-
999,464,738,180,248,1.47,True,-
999,466,740,222,232,2.24,True,-
999,467,757,237,258,1.95,False,-
999,465,750,244,243,2.24,False,-
999,465,753,199,225,1.7,True,-
999,454,736,238,242,1.85,True,-
999,449,745,227,238,1.59,True,-
999,460,755,262,256,1.64,True,-
999,9,200,999,839,1.24,False,o
999,13,194,999,860,1.24,False,o
999,10,198,999,832,1.25,False,o
999,10,203,999,809,1.24,False,o
999,10,203,999,804,1.26,False,o
999,12,201,999,809,1.25,False,o
999,9,205,999,805,1.25,False,o
999,9,201,999,790,1.25,False,o
999,10,204,999,794,1.25,False,o
999,9,202,999,790,1.27,False,o
999,7,217,999,806,1.26,False,o
999,11,223,999,801,1.25,False,o
999,11,225,999,790,1.26,False,o
999,13,223,999,806,1.25,False,o
999,10,219,999,791,1.27,False,o
999,13,223,999,806,1.26,False,o
999,13,223,999,805,1.25,False,o
999,17,225,999,804,1.26,False,o
999,14,219,999,815,1.27,False,o
999,15,219,999,834,1.26,False,o
999,14,215,999,828,1.26,False,o
999,11,216,999,831,1.26,False,o
999,14,217,999,824,1.27,False,o
999,12,215,999,824,1.26,False,o
999,13,218,999,811,1.27,False,o
999,10,223,999,816,1.25,False,o
999,16,224,999,834,1.25,False,o
999,16,224,999,837,1.25,False,o
999,16,223,999,832,1.26,False,o
999,16,228,999,822,1.26,False,o
999,547,999,999,310,0.97,False,p
999,548,999,999,313,0.96,False,p
999,561,999,999,303,0.97,False,p
999,558,999,999,301,0.96,False,p
999,571,999,999,305,0.96,False,p
999,640,999,999,316,0.97,False,p
999,707,999,999,296,0.97,False,p
999,683,999,999,301,0.97,False,p
999,697,999,999,301,0.96,False,p
999,707,999,999,307,0.97,False,p
999,746,999,999,301,0.97,False,p
999,745,999,999,301,0.98,False,p
999,744,999,999,302,0.97,False,p
999,749,999,999,307,0.98,False,p
999,999,999,999,308,0.98,False,p
999,999,999,999,309,0.98,False,p
999,999,999,999,307,0.99,False,p
999,999,999,999,316,0.97,False,p
999,999,999,999,316,0.99,False,p
999,999,999,999,314,0.97,False,p
999,999,999,999,310,0.96,False,p
999,999,999,999,310,0.96,False,p
999,999,999,999,334,1.0,False,p
999,999,999,999,325,0.96,False,p
999,999,999,999,330,0.98,False,p
999,999,999,999,321,0.93,False,p
999,999,999,999,320,0.99,False,p
999,999,999,999,330,0.96,False,p
999,999,999,999,318,0.97,False,p
999,999,999,999,359,0.98,False,p
999,456,0,82,63,1.81,False,q
999,510,0,77,46,1.91,False,q
999,508,0,86,63,1.58,True,q
999,531,0,88,48,1.86,False,q
999,529,0,98,70,1.51,True,q
999,528,0,100,61,1.85,False,q
999,527,0,103,79,1.54,False,q
999,529,0,124,72,1.78,False,q
999,542,0,133,85,1.52,False,q
999,527,0,128,81,1.79,False,q
999,538,0,138,95,1.2,False,q
999,525,0,131,84,1.67,True,q
999,526,0,136,90,1.38,False,q
999,528,0,130,78,1.69,True,q
999,540,0,130,96,1.3,True,q
999,536,0,142,91,1.55,True,q
999,529,0,189,105,1.39,True,q
999,537,0,180,99,1.59,True,q
999,538,0,190,119,1.33,True,q
999,533,0,201,91,1.54,True,q
999,542,0,222,107,1.22,True,q
999,553,0,222,117,1.4,True,q
999,573,0,198,107,1.28,True,q
999,575,0,203,119,1.3,True,q
999,560,0,200,115,1.32,True,q
999,563,0,193,124,1.35,True,q
999,585,0,191,137,1.31,True,q
999,562,0,196,127,1.37,True,q
999,584,0,201,129,1.34,True,q
999,567,0,197,129,1.39,True,q
319,892,512,0,239,1.09,False,r
314,867,499,0,242,1.1,False,r
311,834,522,0,256,1.1,False,r
331,814,523,0,244,1.1,False,r
331,796,504,0,264,1.1,False,r
314,782,506,0,252,1.11,False,r
329,822,497,0,245,1.1,False,r
322,862,490,0,247,1.11,False,r
322,846,499,0,254,1.11,False,r
330,829,492,0,249,1.09,False,r
323,816,486,0,252,1.11,False,r
319,812,486,0,247,1.11,False,r
315,810,483,0,258,1.12,False,r
327,813,491,0,259,1.11,False,r
305,802,478,0,264,1.11,False,r
304,796,479,0,271,1.1,False,r
304,798,486,0,261,1.1,False,r
303,794,502,0,276,1.12,False,r
302,791,505,0,283,1.12,False,r
300,790,516,0,294,1.13,False,r
302,789,509,0,293,1.14,False,r
302,796,507,0,292,1.14,False,r
292,803,499,0,297,1.14,False,r
280,796,503,0,283,1.13,False,r
319,785,512,0,293,1.13,False,r
303,782,516,0,301,1.14,False,r
281,784,542,0,303,1.1,False,r
290,777,538,0,294,1.13,False,r
277,777,558,0,294,1.13,False,r
302,773,589,0,298,1.12,False,r
327,0,0,479,74,1.05,False,s
344,0,0,644,128,1.05,False,s
343,0,0,584,104,1.05,False,s
347,0,0,559,91,1.06,False,s
366,0,0,509,95,1.06,False,s
347,0,0,496,88,1.06,False,s
348,0,0,480,81,1.06,False,s
347,0,0,478,80,1.06,False,s
337,0,0,503,85,1.08,False,s
342,0,0,557,84,1.06,False,s
336,0,0,496,80,1.07,False,s
323,0,0,496,78,1.06,False,s
356,0,0,496,77,1.08,False,s
351,0,0,491,75,1.09,False,s
344,0,0,518,85,1.07,False,s
331,0,0,539,91,1.07,False,s
340,0,0,586,94,1.09,False,s
345,0,0,588,99,1.06,False,s
358,0,0,680,100,1.07,False,s
362,0,0,669,102,1.09,False,s
396,0,0,641,102,1.08,False,s
371,0,0,688,101,1.08,False,s
376,0,0,724,101,1.06,False,s
415,0,0,674,90,1.08,False,s
384,0,0,634,95,1.08,False,s
396,0,0,601,85,1.07,False,s
410,0,0,581,93,1.09,False,s
378,0,0,584,86,1.09,False,s
380,0,0,612,86,1.09,False,s
408,0,0,645,119,1.09,False,s
0,196,15,476,186,1.08,False,t
0,200,16,451,186,1.1,False,t
0,198,19,477,183,1.08,False,t
0,196,15,444,178,1.07,False,t
0,194,16,457,183,1.08,False,t
0,199,16,473,181,1.09,False,t
0,200,17,492,188,1.08,False,t
0,195,16,470,188,1.1,False,t
0,198,15,471,198,1.1,False,t
0,200,17,477,198,1.09,False,t
0,198,19,481,181,1.1,False,t
0,203,16,419,186,1.08,False,t
0,203,15,429,183,1.08,False,t
0,199,16,479,198,1.1,False,t
0,200,17,499,193,1.09,False,t
0,199,16,514,183,1.1,False,t
0,200,19,496,178,1.11,False,t
0,201,18,520,184,1.1,False,t
0,202,17,529,195,1.09,False,t
0,201,18,552,186,1.1,False,t
0,204,18,558,200,1.12,False,t
0,205,16,569,189,1.1,False,t
0,204,19,528,199,1.11,False,t
0,202,16,499,186,1.11,False,t
0,203,18,530,201,1.1,False,t
0,205,18,527,200,1.11,False,t
0,208,21,496,199,1.11,False,t
0,214,17,469,195,1.11,False,t
0,212,14,516,200,1.11,False,t
0,203,16,521,189,1.1,False,t
999,774,913,724,301,1.23,False,u
999,809,899,693,293,1.23,False,u
999,910,908,654,303,1.23,False,u
999,873,923,661,308,1.23,False,u
999,928,948,689,310,1.23,False,u
999,936,954,654,321,1.24,False,u
999,999,895,664,310,1.25,False,u
999,999,883,655,299,1.25,False,u
999,999,894,669,303,1.24,False,u
999,999,907,666,302,1.24,False,u
999,999,942,782,312,1.24,False,u
999,999,920,772,305,1.22,False,u
999,999,909,745,297,1.24,False,u
999,999,888,853,298,1.24,False,u
999,999,873,852,293,1.25,False,u
999,999,916,810,301,1.25,False,u
999,999,923,775,293,1.23,False,u
999,761,851,838,308,1.26,False,u
999,583,820,981,314,1.26,False,u
999,570,824,999,331,1.26,False,u
999,567,866,999,336,1.25,False,u
999,564,828,999,331,1.26,False,u
999,566,826,999,327,1.24,False,u
999,584,837,999,329,1.25,False,u
999,582,850,999,323,1.26,False,u
999,581,864,999,318,1.23,False,u
999,587,837,999,329,1.25,False,u
999,599,825,999,312,1.27,False,u
999,659,823,999,310,1.26,False,u
999,656,853,999,305,1.24,False,u
999,999,814,0,173,1.29,False,v
773,999,824,0,161,1.28,False,v
771,999,817,0,156,1.28,False,v
714,999,818,0,148,1.27,False,v
704,999,827,0,143,1.28,False,v
715,999,846,0,159,1.29,False,v
920,999,826,0,177,1.28,False,v
884,999,816,0,181,1.28,False,v
749,999,814,0,186,1.29,False,v
735,999,858,6,179,1.28,False,v
769,999,858,3,177,1.29,False,v
777,999,838,10,173,1.28,False,v
727,999,861,51,176,1.29,False,v
669,999,856,59,177,1.3,False,v
673,999,875,77,176,1.29,False,v
669,999,880,90,179,1.31,False,v
687,999,875,120,198,1.29,False,v
710,999,883,143,199,1.29,False,v
674,999,894,152,194,1.3,False,v
665,999,889,147,188,1.29,False,v
685,999,905,143,198,1.29,False,v
732,999,893,140,210,1.29,False,v
705,999,894,141,199,1.29,False,v
703,999,902,165,217,1.3,False,v
711,999,911,174,225,1.3,False,v
683,999,917,165,200,1.29,False,v
678,999,916,144,198,1.29,False,v
707,999,902,140,186,1.29,False,v
743,999,897,119,195,1.3,False,v
972,999,915,124,188,1.28,False,v
363,999,853,999,0,1.22,False,w
380,999,854,999,0,1.2,False,w
354,999,873,999,0,1.19,False,w
330,999,878,999,0,1.2,False,w
336,999,851,999,0,1.22,False,w
308,999,865,999,0,1.22,False,w
291,999,880,999,0,1.21,False,w
287,999,879,999,0,1.21,False,w
267,999,865,999,0,1.22,False,w
280,999,860,999,0,1.22,False,w
242,999,847,999,0,1.21,False,w
291,999,866,999,0,1.2,False,w
244,999,864,999,0,1.22,False,w
227,999,907,999,0,1.21,False,w
212,999,888,999,0,1.2,False,w
204,999,862,999,0,1.2,False,w
211,999,866,999,0,1.22,False,w
217,999,902,999,0,1.22,False,w
256,999,908,999,0,1.21,False,w
234,999,891,999,0,1.21,False,w
239,999,902,999,0,1.22,False,w
220,999,893,999,0,1.21,False,w
259,999,895,999,0,1.21,False,w
229,999,905,999,0,1.21,False,w
248,999,897,999,0,1.2,False,w
223,999,908,999,0,1.21,False,w
243,999,910,999,0,1.22,False,w
240,999,894,999,0,1.2,False,w
245,999,913,999,0,1.21,False,w
238,999,904,999,0,1.21,False,w
999,19,0,28,90,0.06,True,x
999,27,0,63,84,1.78,False,x
999,26,0,63,78,1.92,False,x
999,25,0,65,79,1.14,True,x
999,23,0,43,94,-0.65,False,x
999,20,0,47,94,0.67,False,x
999,24,0,61,90,2.37,False,x
999,28,0,70,88,1.55,True,x
999,29,0,65,95,-0.03,False,x
999,29,0,73,97,0.43,True,x
999,33,0,74,90,1.96,False,x
999,32,0,54,79,1.7,False,x
999,28,0,63,85,1.04,True,x
999,23,0,54,100,-0.33,False,x
999,24,0,56,88,1.19,True,x
999,23,0,57,91,2.33,False,x
999,19,0,53,80,1.32,False,x
999,17,0,42,84,-0.68,False,x
999,20,0,35,86,0.83,False,x
999,22,0,48,88,2.53,False,x
999,21,0,51,77,1.67,True,x
999,19,0,48,79,0.41,True,x
999,15,0,37,79,0.33,True,x
999,23,0,37,84,2.59,False,x
999,27,0,41,79,1.72,True,x
999,25,0,45,81,0.2,True,x
999,23,0,42,88,0.13,False,x
999,21,0,51,74,2.2,False,x
999,16,0,39,62,1.74,True,x
999,12,0,22,66,0.45,True,x
999,0,26,670,999,1.09,False,y
999,0,26,628,999,1.08,False,y
999,0,25,680,999,1.08,False,y
999,0,20,654,999,1.08,False,y
999,0,25,718,999,1.09,False,y
999,0,29,686,999,1.09,False,y
999,0,27,690,999,1.09,False,y
999,0,24,684,999,1.1,False,y
999,0,25,698,999,1.09,False,y
999,0,24,686,999,1.09,False,y
999,0,23,639,999,1.09,False,y
999,0,22,678,999,1.11,False,y
999,0,24,677,999,1.11,False,y
999,0,26,681,999,1.1,False,y
999,0,23,687,999,1.1,False,y
999,0,21,657,999,1.11,False,y
999,0,21,688,999,1.1,False,y
999,0,25,696,999,1.1,False,y
999,0,23,669,999,1.09,False,y
999,0,23,709,999,1.11,False,y
999,0,23,694,999,1.1,False,y
999,0,23,689,999,1.12,False,y
999,0,22,701,999,1.1,False,y
999,0,25,712,999,1.1,False,y
999,0,28,701,999,1.12,False,y
999,0,24,709,999,1.12,False,y
999,0,24,699,999,1.11,False,y
999,0,25,696,999,1.11,False,y
999,0,25,716,999,1.11,False,y
999,0,24,723,999,1.12,False,y
999,999,59,896,845,1.48,False,z
999,999,57,999,999,2.65,False,z
999,999,60,999,942,1.76,False,z
999,999,63,999,930,1.16,False,z
999,907,65,999,999,2.17,False,z
999,999,58,999,989,1.7,True,z
999,999,66,875,999,0.87,True,z
999,999,59,848,999,3.01,False,z
999,999,61,807,909,1.47,True,z
999,999,65,999,952,1.29,False,z
999,999,60,999,999,1.67,False,z
999,999,60,999,999,2.38,False,z
999,999,57,997,949,1.54,True,z
999,999,62,999,999,0.68,False,z
999,999,57,986,999,2.4,True,z
999,999,58,952,999,1.69,True,z
999,999,66,999,999,1.46,False,z
999,999,59,999,999,1.85,False,z
999,999,59,999,999,1.96,False,z
999,999,57,979,999,1.98,True,z
999,999,62,999,999,1.19,False,z
999,999,64,999,999,2.13,True,z
999,999,58,964,999,1.55,True,z
999,999,66,999,999,1.15,False,z
999,999,60,941,999,2.42,False,z
999,999,62,999,999,1.28,True,z
999,999,58,999,999,2.15,False,z
674,417,0,153,15,1.13,False,a
667,438,0,151,15,1.11,False,a
660,471,0,153,21,1.11,False,a
663,466,0,159,17,1.13,False,a
672,448,0,159,11,1.13,False,a
669,456,0,156,8,1.11,False,a
666,460,0,159,17,1.12,False,a
680,480,0,168,8,1.1,False,a
675,488,0,165,12,1.11,False,a
676,468,0,161,9,1.12,False,a
681,475,0,180,12,1.13,False,a
667,470,0,177,12,1.12,False,a
672,470,0,178,6,1.12,False,a
654,493,0,174,9,1.12,False,a
656,486,0,183,9,1.12,False,a
666,458,0,184,10,1.11,False,a
664,437,0,168,4,1.1,False,a
661,445,0,175,17,1.13,False,a
644,448,0,174,15,1.12,False,a
652,453,0,171,17,1.12,False,a
656,438,0,183,11,1.13,False,a
654,447,0,181,16,1.11,False,a
656,438,0,177,8,1.11,False,a
660,473,0,183,15,1.11,False,a
661,435,0,178,9,1.1,False,a
665,443,0,184,11,1.11,False,a
654,483,0,178,9,1.11,False,a
666,460,0,181,11,1.1,False,a
648,430,0,186,10,1.11,False,a
856,999,999,999,999,1.34,False,b
819,999,999,999,999,1.33,False,b
825,999,999,999,999,1.33,False,b
809,999,999,999,999,1.32,False,b
814,999,999,999,999,1.32,False,b
898,999,999,999,999,1.32,False,b
881,999,999,999,999,1.32,False,b
901,999,999,999,999,1.33,False,b
813,999,999,999,999,1.35,False,b
884,999,999,999,999,1.32,False,b
849,999,999,999,999,1.32,False,b
999,999,999,999,999,1.33,False,b
891,999,999,999,999,1.33,False,b
876,999,999,999,999,1.33,False,b
903,999,999,999,999,1.34,False,b
901,999,999,999,999,1.33,False,b
902,999,999,999,999,1.32,False,b
900,999,999,999,999,1.32,False,b
999,999,986,999,999,1.33,False,b
939,999,999,999,999,1.34,False,b
906,999,975,999,999,1.31,False,b
939,999,988,999,999,1.32,False,b
999,999,983,999,999,1.32,False,b
977,999,999,999,999,1.33,False,b
965,999,999,999,999,1.32,False,b
928,999,999,999,999,1.32,False,b
935,999,998,999,999,1.32,False,b
998,999,985,999,999,1.32,False,b
928,999,999,999,999,1.34,False,b
920,999,999,999,999,1.35,False,b
294,811,77,669,999,1.36,False,c
297,800,84,643,999,1.34,False,c
272,777,61,640,999,1.33,False,c
275,801,67,640,999,1.34,False,c
273,792,79,659,999,1.33,False,c
292,775,77,669,999,1.33,False,c
299,773,67,657,999,1.34,False,c
292,783,71,640,999,1.34,False,c
294,790,71,650,999,1.35,False,c
299,782,77,671,999,1.32,False,c
310,808,77,677,999,1.34,False,c
306,734,61,700,999,1.35,False,c
301,720,77,696,999,1.33,False,c
305,745,77,713,999,1.34,False,c
308,758,74,716,999,1.34,False,c
307,813,80,679,999,1.34,False,c
307,787,74,713,999,1.33,False,c
305,803,72,700,999,1.35,False,c
301,790,74,684,999,1.34,False,c
299,790,80,693,999,1.34,False,c
307,810,71,669,999,1.33,False,c
312,780,71,663,999,1.34,False,c
306,780,71,678,999,1.33,False,c
308,752,77,671,999,1.34,False,c
309,783,72,666,999,1.34,False,c
305,783,74,672,999,1.35,False,c
309,836,67,671,999,1.34,False,c
308,849,71,669,999,1.35,False,c
307,839,59,669,999,1.35,False,c
309,783,61,681,999,1.34,False,c
999,981,0,404,481,1.4,False,d
999,886,0,394,480,1.42,False,d
999,935,0,416,469,1.41,False,d
999,996,0,385,462,1.42,False,d
999,999,0,411,472,1.41,False,d
999,999,0,395,472,1.41,False,d
999,999,0,420,473,1.4,False,d
999,999,0,386,474,1.41,False,d
999,999,0,410,478,1.38,False,d
999,999,0,403,478,1.39,False,d
999,999,0,403,469,1.39,False,d
999,999,0,401,489,1.39,False,d
999,994,0,400,491,1.38,False,d
999,965,0,403,491,1.39,False,d
999,999,0,401,483,1.39,False,d
999,999,0,403,487,1.38,False,d
999,999,0,395,503,1.39,False,d
999,999,0,414,505,1.37,False,d
999,999,0,406,498,1.37,False,d
999,955,0,414,500,1.37,False,d
999,998,0,406,493,1.37,False,d
999,990,0,417,514,1.36,False,d
999,999,0,403,521,1.37,False,d
999,999,0,414,511,1.34,False,d
999,999,0,420,521,1.38,False,d
999,999,0,407,534,1.34,False,d
999,999,0,426,528,1.36,False,d
999,999,0,408,539,1.35,False,d
999,999,0,411,523,1.36,False,d
999,999,0,427,522,1.34,False,d
999,0,0,391,905,1.43,False,e
999,0,0,391,921,1.41,False,e
999,0,0,378,913,1.29,False,e
999,0,0,366,924,1.4,False,e
999,0,0,367,909,1.3,False,e
999,0,0,370,912,1.29,False,e
999,0,0,375,906,1.27,False,e
999,0,0,365,900,1.29,False,e
999,0,0,356,896,1.27,False,e
999,0,0,356,896,1.32,False,e
999,0,0,335,901,1.29,False,e
999,0,0,359,911,1.29,False,e
999,0,0,353,914,1.32,False,e
999,0,0,347,912,1.29,False,e
999,0,0,340,903,1.32,False,e
999,0,0,338,906,1.33,False,e
999,0,0,341,903,1.25,False,e
999,0,0,342,903,1.3,False,e
999,0,0,338,903,1.24,False,e
999,0,0,342,915,1.15,False,e
999,0,0,342,924,1.22,False,e
999,0,0,341,915,1.39,False,e
999,0,0,359,923,1.47,False,e
999,0,0,362,912,1.58,False,e
999,0,0,370,911,1.5,False,e
999,0,0,370,923,1.47,False,e
999,0,0,370,909,1.45,False,e
999,0,0,362,903,1.53,False,e
999,0,0,366,897,1.61,False,e
999,0,0,360,889,1.59,False,e
0,0,999,999,999,1.21,False,f
0,0,999,999,999,1.19,False,f
0,0,999,999,999,1.16,False,f
0,0,999,999,999,1.15,False,f
0,0,999,999,999,1.13,False,f
0,0,999,999,999,1.19,False,f
0,0,999,999,999,1.15,False,f
0,0,999,999,999,1.16,False,f
0,0,999,999,999,1.16,False,f
0,0,999,999,999,1.17,False,f
0,0,999,999,999,1.16,False,f
0,0,999,999,999,1.16,False,f
0,0,999,999,999,1.17,False,f
0,0,999,999,999,1.18,False,f
0,0,999,999,999,1.18,False,f
0,0,999,999,999,1.18,False,f
0,0,999,999,999,1.18,False,f
0,0,999,999,999,1.21,False,f
0,0,999,999,999,1.19,False,f
0,0,999,999,999,1.19,False,f
0,0,999,999,999,1.18,False,f
0,0,999,999,999,1.16,False,f
0,0,999,999,999,1.18,False,f
0,0,999,999,999,1.15,False,f
0,0,999,999,999,1.19,False,f
0,0,999,999,999,1.17,False,f
0,0,999,999,999,1.19,False,f
0,0,999,999,999,1.18,False,f
0,0,999,999,999,1.17,False,f
0,0,999,999,999,1.18,False,f
174,957,57,426,508,0.98,False,g
167,985,57,452,512,0.98,False,g
187,958,62,461,513,0.97,False,g
182,999,62,452,508,0.99,False,g
180,999,66,452,508,0.99,False,g
212,999,92,442,507,0.96,False,g
221,999,72,442,509,0.99,False,g
248,999,79,460,507,0.97,False,g
232,999,80,461,514,0.98,False,g
257,999,74,442,508,0.98,False,g
267,966,79,439,509,0.97,False,g
284,999,74,449,506,1.0,False,g
286,999,74,470,505,1.0,False,g
286,999,72,463,499,0.99,False,g
287,999,79,477,505,0.99,False,g
288,999,77,461,494,0.99,False,g
290,999,90,470,500,0.98,False,g
273,999,76,499,515,0.99,False,g
267,999,74,505,521,0.97,False,g
247,999,87,501,513,0.99,False,g
261,999,85,501,522,0.99,False,g
265,999,80,485,522,0.97,False,g
258,999,79,493,523,0.99,False,g
261,999,82,493,526,0.98,False,g
264,999,77,482,531,0.97,False,g
268,999,84,493,539,0.97,False,g
255,999,87,508,539,0.98,False,g
268,999,92,502,543,0.95,False,g
277,999,89,492,531,0.97,False,g
266,999,89,511,528,0.96,False,g
876,782,810,999,508,1.13,False,h
904,737,815,999,505,1.12,False,h
941,780,800,999,504,1.12,False,h
933,724,789,999,496,1.13,False,h
866,783,815,999,502,1.13,False,h
999,793,799,999,509,1.12,False,h
743,717,792,999,511,1.12,False,h
698,729,746,999,504,1.13,False,h
805,719,738,999,504,1.12,False,h
779,744,761,999,505,1.13,False,h
769,737,772,999,500,1.11,False,h
766,739,718,999,507,1.13,False,h
719,691,721,999,499,1.11,False,h
704,692,713,999,508,1.13,False,h
709,772,721,999,496,1.12,False,h
706,697,736,999,496,1.12,False,h
713,748,720,999,494,1.12,False,h
684,725,705,999,494,1.12,False,h
689,720,708,999,490,1.12,False,h
678,704,716,999,486,1.14,False,h
722,658,710,999,473,1.12,False,h
750,707,720,999,476,1.11,False,h
716,734,736,999,490,1.11,False,h
711,704,711,999,491,1.12,False,h
683,717,706,999,490,1.1,False,h
727,682,716,999,503,1.12,False,h
713,681,713,999,505,1.12,False,h
788,730,708,999,517,1.12,False,h
679,747,718,999,528,1.13,False,h
661,750,736,999,534,1.12,False,h
0,0,31,999,999,0.93,False,i
0,0,36,999,999,0.92,False,i
0,0,51,999,999,0.94,False,i
0,0,54,999,999,0.93,False,i
0,0,48,999,999,0.93,False,i
0,0,54,999,999,0.95,False,i
0,0,49,999,999,0.93,False,i
0,0,34,999,999,0.94,False,i
0,0,33,999,999,0.94,False,i
0,0,31,999,999,0.92,False,i
0,0,36,999,999,0.92,False,i
0,0,34,999,999,0.95,False,i
0,0,48,999,999,0.95,False,i
0,0,51,999,999,0.94,False,i
0,0,44,999,999,0.94,False,i
0,0,53,999,999,0.94,False,i
0,0,48,999,999,0.94,False,i
0,0,53,999,999,0.96,False,i
0,0,54,999,999,0.94,False,i
0,0,51,999,999,0.93,False,i
0,0,53,999,999,0.94,False,i
0,0,51,999,999,0.92,False,i
0,0,38,999,999,0.95,False,i
0,0,53,999,999,0.94,False,i
0,0,48,999,999,0.94,False,i
0,0,48,999,999,0.93,False,i
0,0,38,999,999,0.94,False,i
0,0,48,999,999,0.94,False,i
0,0,34,999,999,0.94,False,i
0,0,34,999,999,0.94,False,i
0,0,110,999,999,0.44,True,j
0,0,97,999,999,1.23,False,j
0,0,104,999,999,1.18,True,j
0,0,113,999,999,1.05,False,j
0,0,123,994,999,0.67,True,j
0,0,90,999,999,0.86,True,j
0,0,85,999,999,1.19,True,j
0,0,85,999,999,1.13,True,j
0,0,79,999,999,0.41,False,j
0,0,94,999,999,1.45,True,j
0,0,97,999,999,1.27,True,j
0,0,85,999,999,0.2,True,j
0,0,74,999,999,1.41,True,j
0,0,77,999,999,1.46,True,j
0,0,72,999,999,0.71,True,j
0,0,76,999,999,0.92,True,j
0,0,71,999,999,1.5,True,j
0,0,80,999,999,1.1,True,j
0,0,74,999,999,0.46,False,j
0,0,87,999,999,1.24,True,j
0,0,72,999,999,1.27,True,j
0,0,77,999,999,0.66,True,j
0,0,77,999,999,0.72,True,j
0,0,90,999,999,1.34,True,j
0,0,87,997,999,1.23,True,j
0,0,92,997,999,0.35,True,j
0,0,84,999,999,0.97,True,j
0,0,62,999,999,1.15,True,j
0,0,80,999,999,0.82,True,j
0,0,51,999,999,0.78,True,j
999,356,999,999,509,1.19,True,k
999,443,999,999,457,1.43,True,k
999,999,999,999,378,0.78,True,k
999,806,999,999,377,0.23,True,k
999,337,999,999,433,2.15,True,k
999,692,999,999,426,1.34,True,k
999,999,999,999,391,0.74,False,k
999,838,999,999,378,0.06,True,k
999,509,999,999,433,2.28,False,k
999,730,999,999,369,1.22,True,k
999,999,999,999,352,0.64,False,k
999,460,999,999,385,2.9,True,k
999,605,999,999,419,1.53,True,k
999,999,999,999,412,0.89,True,k
999,999,999,999,364,0.24,True,k
999,521,999,999,360,2.19,True,k
999,646,999,999,342,1.31,True,k
999,999,999,999,340,0.76,False,k
999,668,999,999,313,0.75,True,k
999,541,999,999,377,1.65,True,k
999,937,999,999,337,0.97,True,k
999,999,999,999,340,0.6,True,k
999,480,999,999,344,1.84,False,k
999,598,999,999,351,1.11,True,k
999,999,999,999,385,0.76,False,k
999,976,999,999,314,0.3,True,k
999,554,999,999,387,2.05,False,k
999,999,999,999,467,1.02,True,k
999,999,999,999,378,0.72,False,k
999,539,999,999,387,2.51,True,k
999,380,0,406,76,1.0,False,l
999,387,0,403,80,1.05,False,l
999,379,0,407,83,0.99,False,l
999,390,0,414,87,1.01,False,l
999,425,0,403,88,0.98,False,l
999,435,0,403,85,1.01,False,l
999,547,0,411,87,0.99,False,l
999,546,0,392,83,0.98,False,l
999,526,0,401,83,1.0,False,l
999,572,0,400,80,0.99,False,l
999,582,0,400,80,0.98,False,l
999,626,0,394,91,1.0,False,l
999,701,0,400,88,1.04,False,l
999,633,0,401,96,0.96,False,l
999,646,0,400,100,1.02,False,l
999,664,0,414,98,0.99,False,l
999,701,0,406,91,0.97,False,l
999,714,0,408,95,0.98,False,l
999,636,0,408,91,0.98,False,l
999,633,0,406,83,0.97,False,l
999,625,0,400,82,0.98,False,l
999,618,0,400,87,1.01,False,l
999,631,0,408,83,0.96,False,l
999,631,0,406,85,0.95,False,l
999,616,0,411,91,0.95,False,l
999,631,0,417,83,0.95,False,l
999,671,0,411,87,0.95,False,l
999,714,0,403,78,0.93,False,l
999,833,3,410,87,0.92,False,l
999,796,0,401,80,0.92,False,l
0,999,999,999,98,1.68,False,m
0,999,999,999,99,1.7,False,m
0,999,999,999,102,1.69,False,m
0,999,999,999,112,1.68,False,m
0,999,999,999,109,1.7,False,m
0,999,999,999,113,1.72,False,m
0,999,999,999,109,1.71,False,m
0,999,999,999,107,1.7,False,m
0,999,999,999,114,1.72,False,m
0,999,999,999,113,1.71,False,m
0,999,999,999,115,1.72,False,m
0,999,999,999,116,1.73,False,m
0,999,999,999,125,1.7,False,m
0,999,999,999,128,1.71,False,m
0,999,999,999,120,1.72,False,m
0,999,999,999,125,1.71,False,m
0,999,999,999,118,1.71,False,m
0,999,999,999,125,1.71,False,m
0,999,999,999,137,1.7,False,m
0,999,999,999,134,1.71,False,m
0,999,999,999,138,1.71,False,m
0,999,999,999,132,1.7,False,m
0,999,999,999,138,1.71,False,m
0,999,999,999,134,1.71,False,m
0,999,999,999,126,1.69,False,m
0,999,999,999,120,1.7,False,m
0,999,999,999,125,1.72,False,m
0,999,999,999,126,1.7,False,m
0,999,999,999,116,1.71,False,m
0,999,999,999,120,1.7,False,m
0,999,999,896,79,1.7,False,n
0,999,999,880,73,1.7,False,n
0,999,999,923,81,1.67,False,n
0,999,999,939,78,1.68,False,n
0,999,999,911,82,1.71,False,n
0,999,999,888,82,1.69,False,n
0,999,999,886,81,1.68,False,n
0,999,999,924,76,1.69,False,n
0,999,999,930,82,1.68,False,n
0,999,999,949,83,1.7,False,n
0,999,999,936,80,1.7,False,n
0,999,999,918,70,1.68,False,n
0,999,999,890,74,1.7,False,n
0,999,999,949,79,1.7,False,n
0,999,999,948,85,1.69,False,n
0,999,999,980,82,1.71,False,n
0,999,999,964,81,1.66,False,n
0,999,999,918,78,1.72,False,n
0,999,999,923,82,1.67,False,n
0,999,999,951,79,1.73,False,n
0,999,999,971,78,1.65,False,n
0,999,999,986,83,1.72,False,n
0,999,999,936,79,1.68,False,n
0,999,999,915,73,1.7,False,n
0,999,999,907,76,1.7,False,n
0,999,999,926,79,1.69,False,n
0,999,999,948,81,1.67,False,n
0,999,999,970,91,1.72,False,n
0,999,999,951,82,1.69,False,n
0,999,999,895,78,1.73,False,n
439,999,999,999,95,2.01,False,-
240,999,999,999,102,1.64,True,-
260,999,999,999,99,1.47,True,-
203,999,999,999,106,2.06,False,-
200,999,999,999,114,1.6,True,-
206,999,999,999,118,1.4,True,-
187,999,999,999,114,1.96,False,-
187,999,999,999,131,1.59,True,-
228,999,999,999,111,1.5,False,-
208,999,999,999,141,1.98,True,-
187,999,999,999,120,1.74,True,-
185,999,999,999,96,1.45,False,-
172,999,999,999,96,1.9,True,-
145,999,999,999,104,1.76,True,-
240,999,999,999,109,1.56,False,-
200,999,999,999,107,1.74,True,-
153,999,999,999,121,2.02,False,-
146,999,999,999,125,1.54,False,-
151,999,999,999,126,1.36,True,-
141,999,999,999,112,1.89,True,-
164,998,999,999,113,1.52,True,-
193,955,999,999,100,1.41,True,-
155,999,999,999,100,1.92,True,-
184,942,999,999,94,1.56,True,-
215,999,999,999,91,1.37,True,-
246,999,999,999,99,1.88,False,-
307,999,999,999,133,1.52,True,-
245,999,999,999,103,1.53,True,-
210,999,999,999,98,1.88,False,-
186,999,999,999,107,1.52,True,-
0,70,38,435,640,1.35,False,o
0,85,39,442,640,1.36,False,o
0,70,34,435,640,1.35,False,o
0,54,28,438,648,1.34,False,o
0,70,28,447,640,1.35,False,o
0,87,36,461,640,1.36,False,o
0,73,33,447,650,1.34,False,o
0,52,34,455,652,1.35,False,o
0,32,26,463,652,1.36,False,o
0,40,31,458,645,1.35,False,o
0,40,29,467,644,1.35,False,o
0,24,31,476,645,1.35,False,o
0,12,34,479,645,1.34,False,o
0,11,34,485,645,1.34,False,o
0,12,25,512,644,1.35,False,o
0,7,31,490,636,1.34,False,o
0,7,36,490,647,1.34,False,o
0,0,34,485,654,1.34,False,o
0,0,33,483,659,1.34,False,o
0,9,33,466,653,1.34,False,o
0,0,34,458,647,1.34,False,o
0,0,44,470,647,1.34,False,o
0,11,39,479,650,1.34,False,o
0,6,38,476,648,1.35,False,o
0,11,31,461,638,1.34,False,o
0,19,39,485,645,1.33,False,o
0,0,39,454,643,1.34,False,o
0,4,44,455,636,1.35,False,o
0,24,46,449,635,1.34,False,o
0,17,44,455,636,1.34,False,o
999,999,999,999,670,1.05,False,p
999,999,999,999,661,1.04,False,p
999,999,999,999,640,1.03,False,p
999,999,999,999,656,1.03,False,p
999,999,999,999,668,1.01,False,p
999,999,999,999,660,1.02,False,p
999,999,999,999,657,0.98,False,p
999,999,999,999,638,1.01,False,p
999,999,999,999,643,0.99,False,p
999,999,999,999,668,1.02,False,p
999,999,999,999,674,1.0,False,p
999,999,999,999,654,1.01,False,p
999,999,999,999,642,1.0,False,p
999,999,999,999,647,1.02,False,p
999,999,999,999,647,0.99,False,p
999,999,999,999,661,0.99,False,p
999,999,999,999,671,1.0,False,p
999,999,999,999,664,1.0,False,p
999,999,999,999,654,0.97,False,p
999,999,999,999,659,0.98,False,p
999,999,999,999,668,1.01,False,p
999,999,999,999,674,1.0,False,p
999,999,999,999,672,1.0,False,p
999,999,999,999,665,1.0,False,p
999,999,999,999,665,1.0,False,p
999,999,999,999,645,0.98,False,p
999,999,999,999,659,0.98,False,p
999,999,999,999,648,0.98,False,p
999,999,999,999,635,0.98,False,p
999,999,999,999,620,0.98,False,p
999,999,138,225,439,1.57,True,q
999,879,123,214,420,1.67,False,q
999,942,128,250,404,1.64,True,q
999,917,125,234,390,1.47,True,q
999,909,127,238,382,1.52,True,q
999,999,133,224,399,1.31,True,q
999,985,117,218,349,1.78,False,q
999,999,133,227,399,1.51,True,q
999,999,145,234,426,1.55,True,q
999,999,173,243,395,1.48,True,q
999,999,165,243,409,1.42,True,q
999,999,145,241,392,1.8,False,q
999,999,151,234,400,1.67,True,q
999,999,156,227,417,1.63,True,q
999,999,130,225,373,1.44,True,q
999,999,163,230,381,1.42,True,q
999,999,135,214,361,1.85,True,q
999,999,145,241,381,1.38,True,q
999,999,127,225,376,1.74,True,q
999,999,165,231,377,1.53,True,q
999,999,163,227,381,1.51,True,q
999,999,148,221,367,1.77,True,q
999,999,170,233,426,1.75,False,q
999,999,145,219,421,1.66,True,q
999,999,165,236,415,1.52,True,q
999,999,160,233,416,1.54,True,q
999,999,171,214,445,1.81,True,q
999,999,179,230,426,1.74,True,q
999,999,193,227,468,1.62,True,q
999,999,184,237,448,1.6,True,q
0,999,999,517,395,0.92,False,r
0,999,999,515,396,0.93,False,r
0,999,999,511,398,0.93,False,r
0,999,999,502,401,0.92,False,r
0,999,999,498,396,0.93,False,r
0,999,999,499,401,0.91,False,r
0,999,999,498,394,0.93,False,r
0,999,999,489,391,0.92,False,r
0,999,999,496,399,0.93,False,r
0,999,999,495,403,0.94,False,r
0,999,999,492,400,0.93,False,r
0,999,999,499,399,0.93,False,r
0,999,999,493,400,0.92,False,r
0,999,999,493,392,0.94,False,r
0,999,999,482,395,0.91,False,r
0,999,999,488,403,0.93,False,r
0,999,999,488,399,0.91,False,r
0,999,999,474,399,0.91,False,r
0,999,999,470,394,0.91,False,r
0,999,999,474,398,0.91,False,r
0,999,999,470,394,0.9,False,r
0,999,999,476,396,0.92,False,r
0,999,999,461,394,0.88,False,r
0,999,999,476,399,0.94,False,r
0,999,999,470,390,0.9,False,r
0,999,999,458,394,0.88,False,r
0,999,999,476,394,0.88,False,r
0,999,999,457,387,0.92,False,r
0,999,999,447,392,0.85,False,r
0,999,999,460,387,0.88,False,r
0,0,34,227,677,1.04,False,s
0,0,28,227,685,1.05,False,s
0,0,28,243,685,1.06,False,s
0,0,31,227,674,1.05,False,s
0,0,34,231,679,1.04,False,s
0,0,33,230,697,1.05,False,s
0,0,31,230,691,1.06,False,s
0,0,34,241,686,1.05,False,s
0,0,51,236,688,1.05,False,s
0,0,33,231,681,1.05,False,s
0,0,38,238,692,1.04,False,s
0,0,49,231,689,1.06,False,s
0,0,38,238,704,1.05,False,s
0,0,39,231,688,1.05,False,s
0,0,51,241,692,1.06,False,s
0,0,36,246,707,1.04,False,s
0,0,31,243,714,1.06,False,s
0,0,49,241,718,1.06,False,s
0,0,41,240,711,1.06,False,s
0,0,39,265,713,1.05,False,s
0,0,34,266,712,1.05,False,s
0,0,34,252,713,1.04,False,s
0,0,38,243,714,1.06,False,s
0,0,48,274,695,1.06,False,s
0,0,39,277,707,1.06,False,s
0,0,51,269,697,1.06,False,s
0,0,48,274,690,1.04,False,s
0,0,48,271,681,1.06,False,s
0,0,53,278,692,1.05,False,s
0,0,51,279,688,1.06,False,s
0,592,234,225,609,0.74,False,t
0,565,240,227,604,0.77,False,t
0,539,234,228,603,0.76,False,t
0,549,237,230,611,0.78,False,t
0,539,242,236,604,0.78,False,t
0,550,244,231,607,0.79,False,t
0,585,255,227,617,0.79,False,t
0,592,247,225,611,0.78,False,t
0,605,249,236,616,0.78,False,t
0,640,245,236,608,0.78,False,t
0,612,244,237,616,0.77,False,t
0,607,242,244,609,0.77,False,t
0,600,245,247,616,0.78,False,t
0,630,239,236,615,0.76,False,t
0,630,257,236,611,0.78,False,t
0,641,249,241,609,0.77,False,t
0,697,265,244,612,0.76,False,t
0,645,250,244,615,0.77,False,t
0,638,242,246,620,0.77,False,t
0,598,258,244,611,0.78,False,t
0,646,249,247,605,0.77,False,t
0,671,239,243,608,0.77,False,t
0,654,239,247,605,0.78,False,t
0,651,245,243,600,0.8,False,t
0,730,235,243,607,0.79,False,t
0,648,239,230,600,0.79,False,t
0,631,234,234,600,0.79,False,t
0,674,229,231,603,0.78,False,t
0,651,224,236,598,0.79,False,t
0,575,224,241,596,0.78,False,t
0,938,999,921,412,0.79,False,u
0,999,999,945,409,0.77,False,u
0,999,999,952,404,0.78,False,u
0,999,999,933,401,0.79,False,u
0,999,999,931,418,0.78,False,u
0,999,999,948,403,0.78,False,u
0,999,999,999,415,0.76,False,u
0,999,999,999,403,0.77,False,u
0,933,999,999,409,0.79,False,u
0,975,999,999,405,0.79,False,u
0,986,999,999,401,0.81,False,u
0,999,999,999,399,0.8,False,u
0,988,999,999,403,0.79,False,u
0,999,999,999,401,0.77,False,u
0,999,999,999,399,0.77,False,u
0,950,999,999,400,0.77,False,u
0,937,999,999,401,0.75,False,u
0,999,999,999,401,0.71,False,u
0,999,999,999,403,0.7,False,u
0,999,999,999,402,0.7,False,u
0,999,999,999,404,0.69,False,u
0,999,999,999,399,0.65,False,u
0,999,999,977,399,0.65,False,u
0,999,999,996,399,0.63,False,u
0,999,999,989,396,0.63,False,u
0,999,999,956,399,0.64,False,u
0,999,999,955,400,0.62,False,u
0,999,999,970,399,0.6,False,u
0,999,999,980,403,0.61,False,u
0,999,999,937,396,0.61,False,u
0,400,999,249,372,0.65,False,v
0,390,999,244,372,0.64,False,v
0,410,999,247,369,0.64,False,v
0,435,999,253,372,0.6,False,v
0,415,999,244,375,0.67,False,v
0,394,999,281,369,0.66,False,v
0,395,999,265,374,0.64,False,v
0,395,999,231,368,0.66,False,v
0,400,999,233,367,0.65,False,v
0,390,999,236,377,0.64,False,v
0,380,999,219,372,0.65,False,v
0,395,999,225,365,0.64,False,v
0,394,999,227,369,0.66,False,v
0,433,999,225,364,0.67,False,v
0,413,999,241,366,0.66,False,v
0,443,999,236,369,0.65,False,v
0,440,999,250,378,0.67,False,v
0,494,999,227,366,0.66,False,v
0,466,999,246,372,0.66,False,v
0,466,999,244,378,0.66,False,v
0,415,999,243,365,0.65,False,v
0,395,999,238,369,0.65,False,v
0,483,999,246,364,0.65,False,v
0,473,999,268,374,0.66,False,v
0,473,999,236,369,0.65,False,v
0,433,999,236,377,0.66,False,v
0,483,999,236,369,0.66,False,v
0,542,999,250,376,0.65,False,v
0,461,999,246,372,0.66,False,v
0,460,999,237,369,0.66,False,v
0,999,999,999,180,0.75,False,w
0,999,999,999,182,0.77,False,w
0,999,999,999,184,0.78,False,w
0,999,999,999,190,0.76,False,w
0,999,999,999,185,0.76,False,w
0,999,999,999,184,0.75,False,w
0,999,999,999,192,0.74,False,w
0,999,999,999,209,0.76,False,w
0,999,999,999,207,0.74,False,w
0,999,999,999,203,0.74,False,w
0,999,999,999,218,0.76,False,w
0,999,999,999,204,0.76,False,w
0,999,999,999,208,0.76,False,w
0,999,999,999,210,0.76,False,w
0,999,999,999,215,0.75,False,w
0,999,999,999,218,0.75,False,w
0,999,999,999,220,0.76,False,w
0,999,999,999,213,0.75,False,w
0,999,999,999,206,0.75,False,w
0,999,999,999,208,0.76,False,w
0,999,999,999,206,0.76,False,w
0,999,999,999,204,0.75,False,w
0,999,999,999,207,0.75,False,w
0,999,999,999,210,0.76,False,w
0,999,999,999,213,0.75,False,w
0,999,999,999,211,0.73,False,w
0,999,999,999,209,0.75,False,w
0,999,999,999,211,0.75,False,w
0,999,999,999,208,0.75,False,w
0,999,999,999,213,0.75,False,w
857,522,31,490,92,0.96,False,x
840,489,34,473,85,0.42,False,x
852,524,48,495,100,1.09,False,x
858,496,20,499,91,0.8,False,x
889,493,51,476,80,0.55,False,x
833,532,53,473,107,1.14,False,x
816,465,46,492,87,0.41,False,x
817,499,57,496,89,0.82,False,x
819,496,61,490,95,1.14,False,x
829,440,54,477,79,0.17,False,x
871,488,54,482,85,0.97,False,x
998,463,57,488,100,1.11,False,x
993,382,57,482,87,0.17,False,x
873,526,61,486,94,1.17,False,x
882,488,67,496,89,0.85,False,x
839,532,64,483,89,0.26,False,x
872,562,74,502,99,1.44,False,x
874,463,80,485,89,0.35,False,x
863,488,66,477,89,0.84,False,x
834,493,72,512,91,1.11,False,x
907,394,80,496,88,0.29,False,x
915,480,84,485,87,0.9,False,x
919,496,72,495,91,1.11,False,x
927,489,71,486,77,0.09,False,x
876,522,77,493,88,1.34,False,x
852,483,80,504,77,0.7,False,x
885,486,84,473,80,0.56,False,x
920,481,74,502,77,1.24,False,x
865,466,66,476,78,0.11,False,x
827,447,79,482,76,1.11,False,x
890,999,505,999,999,0.65,False,y
954,999,499,999,999,0.62,False,y
894,999,494,999,999,0.63,False,y
904,999,496,999,999,0.63,False,y
839,999,500,999,999,0.63,False,y
920,999,500,999,999,0.63,False,y
823,999,500,999,999,0.63,False,y
829,930,505,999,999,0.63,False,y
852,999,525,999,999,0.62,False,y
863,999,517,999,999,0.62,False,y
920,999,512,999,999,0.62,False,y
876,999,512,999,999,0.62,False,y
806,991,522,999,999,0.63,False,y
795,999,505,999,999,0.63,False,y
803,999,509,999,999,0.63,False,y
800,999,509,999,999,0.63,False,y
830,999,507,999,999,0.63,False,y
863,999,507,999,999,0.63,False,y
795,999,509,999,999,0.61,False,y
797,999,502,999,999,0.61,False,y
809,999,500,999,999,0.64,False,y
819,999,497,999,999,0.63,False,y
807,999,504,999,999,0.63,False,y
804,999,505,999,999,0.63,False,y
857,999,509,999,999,0.63,False,y
828,968,489,999,999,0.62,False,y
813,991,502,999,999,0.64,False,y
813,963,492,999,999,0.63,False,y
825,948,505,999,999,0.62,False,y
827,945,502,999,999,0.62,False,y
0,707,64,132,272,-0.58,False,z
0,615,74,123,273,2.81,False,z
0,709,67,130,256,0.72,True,z
0,699,64,137,279,0.25,True,z
0,654,64,107,262,2.25,False,z
0,747,74,142,259,-0.48,False,z
0,684,80,118,277,2.44,False,z
0,851,66,108,264,0.7,False,z
0,836,61,129,283,0.47,True,z
0,856,74,104,261,1.95,False,z
0,942,62,129,280,-0.32,False,z
0,803,90,121,274,2.72,False,z
0,965,84,126,274,0.13,False,z
0,940,80,117,279,1.7,False,z
0,968,82,121,256,0.97,False,z
0,976,71,126,270,0.31,False,z
0,844,76,111,281,2.03,False,z
0,961,77,126,281,-0.29,False,z
0,915,85,121,278,2.61,False,z
0,988,77,120,285,0.27,False,z
0,999,72,108,282,1.15,True,z
0,999,97,107,273,1.33,False,z
0,948,76,120,295,0.02,False,z
0,912,80,104,279,2.45,False,z
0,844,79,127,283,-0.26,False,z
0,861,84,101,288,2.46,False,z
0,905,80,104,276,0.4,False,z
0,985,90,120,281,1.2,False,z
0,825,84,112,283,1.44,False,z
0,899,90,123,298,0.09,False,z
999,170,267,137,199,1.0,False,a
999,169,258,141,212,0.98,False,a
999,173,255,148,207,0.98,False,a
999,176,258,150,205,0.98,False,a
999,180,264,147,203,0.99,False,a
999,181,267,151,200,0.99,False,a
999,181,264,146,201,0.99,False,a
999,174,261,150,211,1.0,False,a
999,173,288,149,203,1.01,False,a
999,175,267,145,201,1.0,False,a
999,181,261,146,202,0.99,False,a
999,174,267,144,209,0.99,False,a
999,179,273,147,203,1.01,False,a
999,181,255,144,214,1.01,False,a
999,181,243,153,207,1.0,False,a
999,177,258,153,208,1.0,False,a
999,181,252,145,209,0.99,False,a
999,177,258,151,218,1.0,False,a
999,174,252,148,212,0.99,False,a
999,174,267,158,219,1.0,False,a
999,179,267,151,214,0.99,False,a
999,177,264,154,219,1.0,False,a
999,173,270,148,218,0.99,False,a
999,178,276,152,218,1.0,False,a
999,177,225,153,220,1.0,False,a
999,182,270,152,219,1.0,False,a
999,179,282,153,218,0.99,False,a
999,181,276,159,222,1.0,False,a
999,179,279,161,224,0.99,False,a
999,181,288,159,214,0.99,False,a
566,821,999,999,578,0.88,False,b
565,819,999,999,639,0.87,False,b
583,837,999,999,639,0.88,False,b
587,827,999,999,656,0.89,False,b
577,824,999,999,653,0.9,False,b
568,819,999,999,650,0.88,False,b
570,815,999,999,620,0.89,False,b
583,819,999,999,631,0.88,False,b
556,813,999,999,639,0.9,False,b
558,816,999,999,652,0.88,False,b
570,815,999,999,631,0.9,False,b
585,824,999,999,674,0.91,False,b
605,812,999,999,674,0.9,False,b
605,835,999,999,675,0.88,False,b
619,846,999,999,659,0.9,False,b
526,862,999,999,671,0.9,False,b
195,854,999,999,670,0.89,False,b
177,850,999,999,666,0.89,False,b
159,834,999,999,683,0.9,False,b
179,861,999,999,690,0.9,False,b
171,953,999,999,639,0.9,False,b
169,947,999,999,609,0.92,False,b
177,957,999,999,603,0.89,False,b
160,917,999,999,609,0.91,False,b
153,904,999,999,597,0.88,False,b
163,930,999,999,851,0.9,False,b
160,933,999,999,830,0.9,False,b
164,939,999,999,754,0.89,False,b
169,940,999,999,701,0.89,False,b
169,919,999,999,668,0.89,False,b
999,281,720,411,890,1.35,False,c
999,284,717,423,902,1.34,False,c
999,279,720,429,915,1.35,False,c
999,286,717,397,885,1.36,False,c
999,283,705,398,868,1.35,False,c
999,285,699,402,875,1.37,False,c
999,292,720,410,859,1.35,False,c
999,297,702,413,872,1.36,False,c
936,294,693,334,884,1.36,False,c
34,262,604,229,783,1.34,False,c
0,252,610,230,787,1.37,False,c
4,260,604,229,773,1.36,False,c
22,265,628,238,796,1.38,False,c
68,264,631,240,825,1.37,False,c
220,268,634,251,836,1.37,False,c
326,257,598,244,816,1.37,False,c
324,262,634,275,811,1.37,False,c
310,265,634,285,811,1.37,False,c
337,265,646,287,814,1.36,False,c
321,265,661,296,823,1.37,False,c
322,263,643,310,831,1.38,False,c
320,273,640,294,790,1.38,False,c
318,265,634,295,790,1.37,False,c
332,265,634,290,810,1.35,False,c
332,267,610,296,816,1.35,False,c
340,269,628,311,823,1.36,False,c
342,267,631,308,827,1.38,False,c
375,263,637,295,803,1.36,False,c
383,258,628,298,810,1.37,False,c
403,257,634,291,817,1.37,False,c
239,858,109,42,106,1.31,False,d
225,865,109,34,113,1.3,False,d
214,864,121,39,125,1.31,False,d
227,850,109,43,121,1.32,False,d
202,858,118,39,119,1.31,False,d
191,867,115,37,121,1.3,False,d
193,865,127,43,127,1.3,False,d
214,846,124,39,127,1.31,False,d
230,845,133,41,127,1.31,False,d
241,841,121,43,124,1.33,False,d
239,839,124,48,133,1.32,False,d
241,844,121,52,137,1.32,False,d
247,835,139,53,135,1.31,False,d
255,827,145,53,133,1.31,False,d
256,823,121,56,135,1.31,False,d
273,852,124,55,139,1.32,False,d
283,848,133,55,136,1.31,False,d
305,853,115,59,139,1.3,False,d
299,858,133,58,142,1.32,False,d
275,835,133,56,140,1.33,False,d
270,831,121,60,142,1.31,False,d
270,863,142,62,142,1.31,False,d
274,867,136,70,154,1.31,False,d
279,860,157,68,150,1.31,False,d
284,854,157,64,153,1.32,False,d
276,856,145,66,164,1.31,False,d
291,853,127,72,158,1.31,False,d
284,846,136,71,153,1.33,False,d
288,852,148,77,153,1.32,False,d
289,846,148,76,153,1.33,False,d
211,174,222,103,167,1.01,False,e
204,175,222,113,177,1.0,False,e
191,178,252,115,179,1.01,False,e
177,183,258,113,179,1.02,False,e
190,185,258,108,189,1.01,False,e
188,176,246,108,174,0.99,False,e
189,180,246,103,180,1.02,False,e
204,181,249,103,185,1.02,False,e
209,181,243,104,181,1.01,False,e
184,179,225,99,172,1.0,False,e
184,186,222,92,173,1.01,False,e
175,194,219,90,170,1.01,False,e
188,189,219,91,179,1.01,False,e
180,190,210,94,183,1.0,False,e
219,194,222,95,181,1.02,False,e
220,196,222,95,172,1.03,False,e
229,213,252,100,181,1.03,False,e
221,214,252,104,182,1.02,False,e
209,215,222,104,183,1.03,False,e
219,210,231,106,174,1.02,False,e
230,200,219,102,168,1.04,False,e
233,208,222,102,161,1.04,False,e
232,220,222,105,161,1.04,False,e
221,214,228,103,161,1.04,False,e
225,215,240,103,166,1.04,False,e
239,213,252,102,170,1.05,False,e
229,208,219,104,170,1.05,False,e
237,209,231,104,172,1.07,False,e
230,215,225,102,173,1.04,False,e
233,215,228,107,173,1.06,False,e
851,687,999,999,697,0.95,False,f
878,687,999,999,624,0.96,False,f
978,685,999,999,598,0.96,False,f
956,689,999,999,593,0.96,False,f
999,685,999,999,617,0.97,False,f
999,686,999,999,634,0.99,False,f
999,676,999,999,648,0.97,False,f
999,678,999,999,648,0.98,False,f
999,655,999,999,643,0.98,False,f
855,657,999,999,666,0.94,False,f
337,686,999,999,672,0.98,False,f
306,686,999,999,670,1.0,False,f
296,664,999,999,672,0.98,False,f
281,646,999,999,668,0.97,False,f
279,657,999,999,668,0.96,False,f
283,659,999,999,659,0.98,False,f
310,668,999,999,658,0.97,False,f
305,700,999,999,665,0.96,False,f
318,710,999,999,649,0.98,False,f
316,686,999,999,648,1.0,False,f
337,668,999,999,635,0.96,False,f
322,651,999,999,660,0.99,False,f
355,644,999,999,636,0.97,False,f
344,644,999,999,638,0.94,False,f
354,654,999,999,638,0.98,False,f
392,655,999,999,640,0.98,False,f
499,637,999,989,695,0.98,False,f
526,636,999,999,999,0.97,False,f
553,625,999,999,999,0.98,False,f
536,632,999,999,999,0.98,False,f
999,909,401,245,226,0.87,False,g
999,911,395,243,221,0.94,False,g
999,918,404,241,212,0.9,False,g
999,915,389,244,223,0.92,False,g
999,913,392,240,231,0.91,False,g
999,940,401,245,220,0.91,False,g
999,916,398,245,223,0.92,False,g
999,919,413,247,232,0.91,False,g
999,881,407,247,228,0.91,False,g
999,917,419,245,230,0.92,False,g
999,922,404,248,222,0.94,False,g
999,896,431,251,228,0.91,False,g
999,898,401,249,232,0.94,False,g
999,915,413,251,227,0.92,False,g
999,900,449,242,230,0.89,False,g
999,883,437,248,246,0.92,False,g
999,886,410,252,230,0.92,False,g
999,873,416,252,236,0.9,False,g
999,877,437,252,234,0.93,False,g
999,882,416,253,235,0.9,False,g
999,859,437,252,231,0.93,False,g
999,860,437,274,255,0.9,False,g
999,852,440,262,238,0.93,False,g
999,896,446,260,257,0.91,False,g
999,879,443,259,250,0.88,False,g
999,887,446,272,239,0.94,False,g
999,879,449,256,251,0.89,False,g
999,888,449,260,250,0.93,False,g
999,908,443,269,251,0.92,False,g
999,905,449,252,252,0.91,False,g
999,833,999,999,532,1.05,False,h
999,836,999,999,524,1.04,False,h
999,850,999,999,537,1.06,False,h
999,841,999,999,536,1.07,False,h
999,844,999,999,556,1.06,False,h
999,855,999,999,547,1.07,False,h
999,856,999,999,526,1.06,False,h
999,862,999,999,506,1.05,False,h
999,862,999,999,509,1.07,False,h
999,886,999,999,518,1.06,False,h
999,874,999,999,524,1.07,False,h
999,888,999,999,519,1.06,False,h
999,929,999,999,512,1.07,False,h
999,879,999,999,511,1.06,False,h
999,868,999,999,492,1.09,False,h
999,906,999,999,518,1.04,False,h
999,951,999,806,493,1.06,False,h
999,928,999,803,496,1.07,False,h
999,913,999,755,508,1.08,False,h
999,905,999,731,481,1.06,False,h
999,898,999,753,484,1.07,False,h
999,909,999,756,486,1.06,False,h
999,909,999,783,482,1.08,False,h
999,900,999,902,487,1.06,False,h
999,885,999,957,491,1.07,False,h
999,854,999,999,475,1.07,False,h
999,874,999,999,461,1.07,False,h
999,877,999,999,458,1.07,False,h
988,890,999,999,472,1.06,False,h
999,997,999,985,517,1.03,False,h
766,188,999,569,699,0.78,False,i
770,165,999,578,713,0.77,False,i
755,159,999,573,722,0.78,False,i
771,159,999,576,720,0.79,False,i
773,159,999,564,762,0.79,False,i
783,166,999,562,732,0.78,False,i
784,164,999,554,746,0.79,False,i
812,158,999,550,712,0.76,False,i
753,158,999,534,725,0.8,False,i
755,158,999,545,728,0.78,False,i
801,153,999,544,742,0.78,False,i
770,158,999,551,735,0.79,False,i
771,155,999,559,730,0.79,False,i
775,160,999,580,719,0.8,False,i
766,153,999,565,714,0.79,False,i
784,157,999,564,724,0.8,False,i
772,141,999,556,726,0.79,False,i
804,139,999,563,716,0.79,False,i
783,123,999,575,712,0.8,False,i
787,118,999,564,699,0.8,False,i
772,109,999,572,695,0.79,False,i
772,118,999,540,702,0.77,False,i
856,130,999,537,761,0.82,False,i
999,147,999,493,868,0.82,False,i
999,129,577,437,999,0.79,False,i
999,131,458,431,999,0.81,False,i
999,129,446,413,999,0.8,False,i
999,111,374,379,999,0.81,False,i
999,122,419,441,999,0.8,False,i
999,119,494,420,999,0.8,False,i
502,109,637,476,744,0.72,True,j
540,110,604,511,945,0.87,True,j
489,109,673,499,944,0.81,True,j
440,109,652,608,983,1.23,True,j
456,105,652,602,995,1.04,True,j
411,111,720,479,841,0.9,True,j
721,101,649,458,921,0.46,True,j
753,107,598,464,895,0.9,False,j
436,102,628,464,854,0.79,True,j
420,99,598,580,999,1.06,True,j
386,97,604,527,917,1.53,True,j
365,116,598,456,881,1.02,True,j
453,110,592,467,919,0.69,True,j
427,120,589,485,916,0.93,True,j
470,132,646,595,999,1.57,True,j
458,126,586,537,999,1.77,True,j
487,122,631,493,929,1.04,True,j
483,112,631,461,907,0.62,True,j
701,122,604,499,944,0.65,True,j
523,133,658,492,947,0.85,True,j
516,125,592,598,915,1.64,True,j
519,120,622,577,890,1.21,True,j
508,129,634,494,915,1.03,True,j
999,126,610,520,917,0.54,True,j
846,130,604,498,948,0.99,True,j
657,152,640,581,975,1.31,True,j
704,140,628,547,999,1.57,True,j
682,127,604,558,999,1.3,True,j
518,120,622,538,999,0.81,False,j
999,120,598,461,977,0.8,True,j
999,751,999,999,248,2.23,False,k
999,755,999,999,239,1.93,True,k
999,762,999,999,247,1.04,False,k
999,763,999,999,249,0.64,False,k
999,773,999,999,234,1.12,False,k
999,769,999,999,247,1.63,True,k
999,768,999,999,247,2.07,False,k
999,773,999,999,250,2.04,False,k
999,774,999,999,245,1.6,True,k
999,784,999,999,233,0.89,False,k
999,782,999,999,226,0.77,False,k
999,800,999,999,250,1.9,True,k
999,836,999,999,306,2.32,True,k
999,842,999,999,268,2.25,True,k
999,820,999,999,226,1.04,True,k
999,793,999,999,230,0.61,False,k
999,802,999,999,250,0.78,True,k
999,837,999,999,273,2.39,False,k
999,804,999,999,262,2.52,True,k
999,827,999,999,245,1.4,True,k
999,801,999,999,234,0.73,False,k
999,819,999,999,244,0.86,True,k
999,811,999,999,248,1.37,True,k
999,802,999,999,277,2.11,True,k
999,773,999,999,236,1.96,True,k
999,770,999,999,227,1.05,True,k
999,794,999,999,246,0.63,False,k
999,794,999,999,256,0.66,True,k
999,822,999,999,267,2.55,True,k
999,833,999,999,256,2.36,True,k
999,793,246,82,73,1.08,False,l
999,706,222,82,71,1.09,False,l
999,706,216,82,74,1.06,False,l
999,687,207,83,75,1.09,False,l
999,681,216,83,73,1.1,False,l
999,693,219,83,79,1.08,False,l
999,691,210,83,67,1.09,False,l
999,709,216,85,71,1.07,False,l
999,709,213,83,76,1.1,False,l
999,705,225,87,76,1.08,False,l
999,688,249,88,80,1.1,False,l
999,694,222,81,77,1.09,False,l
999,701,216,85,78,1.09,False,l
999,670,222,101,94,1.11,False,l
999,657,216,94,91,1.1,False,l
999,651,258,92,86,1.07,False,l
999,682,252,92,90,1.1,False,l
999,641,213,94,92,1.08,False,l
999,644,210,89,90,1.1,False,l
999,640,210,89,86,1.09,False,l
999,643,216,96,88,1.08,False,l
999,706,210,92,87,1.09,False,l
999,693,243,97,92,1.1,False,l
999,686,216,101,91,1.09,False,l
999,680,252,105,92,1.09,False,l
999,693,210,101,91,1.07,False,l
999,697,231,102,85,1.09,False,l
999,737,219,111,87,1.09,False,l
999,720,264,113,94,1.12,False,l
999,731,276,119,98,1.1,False,l
999,854,999,999,199,1.26,False,m
999,844,999,999,196,1.29,False,m
999,848,999,999,202,1.27,False,m
999,857,999,999,194,1.28,False,m
999,846,999,999,187,1.28,False,m
999,826,999,999,189,1.28,False,m
999,826,999,999,199,1.29,False,m
999,846,999,999,197,1.29,False,m
999,989,999,999,182,1.28,False,m
999,984,999,999,162,1.29,False,m
999,971,999,999,166,1.28,False,m
999,966,999,999,167,1.29,False,m
999,963,999,999,166,1.28,False,m
999,976,999,999,172,1.28,False,m
999,831,999,999,160,1.29,False,m
999,808,999,999,152,1.31,False,m
999,785,999,799,137,1.29,False,m
986,802,999,888,127,1.29,False,m
983,825,999,942,137,1.28,False,m
999,821,999,944,144,1.28,False,m
999,812,999,976,146,1.3,False,m
999,806,999,944,137,1.31,False,m
999,827,999,999,145,1.37,False,m
759,999,999,999,248,1.37,False,m
572,999,999,999,329,1.34,False,m
655,999,999,999,486,1.37,False,m
647,999,999,999,687,1.37,False,m
698,999,999,999,683,1.34,False,m
743,999,999,999,537,1.34,False,m
726,999,999,999,528,1.34,False,m
554,856,999,152,304,1.46,False,n
538,854,999,151,294,1.46,False,n
556,845,999,151,310,1.47,False,n
536,855,999,154,300,1.47,False,n
525,859,999,157,308,1.47,False,n
513,858,999,157,298,1.46,False,n
533,840,999,161,308,1.46,False,n
574,832,999,164,312,1.47,False,n
603,821,999,179,310,1.46,False,n
556,836,999,177,312,1.46,False,n
564,825,999,178,314,1.45,False,n
547,827,999,181,308,1.46,False,n
561,860,999,183,315,1.46,False,n
572,854,999,173,322,1.47,False,n
552,856,999,172,309,1.47,False,n
535,888,999,169,306,1.46,False,n
592,840,999,160,310,1.47,False,n
622,841,999,154,309,1.47,False,n
701,836,999,150,308,1.47,False,n
668,833,999,150,307,1.48,False,n
671,836,999,150,304,1.47,False,n
686,830,999,153,304,1.47,False,n
683,835,999,153,308,1.47,False,n
665,832,999,150,307,1.45,False,n
682,824,999,155,321,1.45,False,n
674,832,999,151,316,1.45,False,n
610,844,999,151,323,1.48,False,n
567,879,999,144,332,1.49,False,n
475,852,999,133,307,1.47,False,n
408,859,999,126,293,1.48,False,n
426,857,999,118,86,1.4,False,-
999,849,999,130,107,1.75,True,-
534,974,999,149,149,1.62,False,-
498,848,999,144,142,1.47,True,-
450,892,999,82,94,1.83,True,-
115,866,999,42,61,1.64,False,-
141,833,999,31,28,1.67,True,-
99,820,999,34,30,1.76,True,-
135,815,999,93,58,1.61,False,-
460,853,999,128,75,1.99,True,-
254,842,999,164,74,1.5,False,-
258,820,999,207,94,1.43,True,-
887,814,999,143,103,1.66,False,-
444,845,999,140,106,1.5,False,-
508,841,999,141,98,1.89,True,-
309,836,999,123,80,1.54,True,-
399,850,999,136,88,1.45,True,-
999,862,999,151,87,1.64,True,-
458,849,999,153,126,1.46,False,-
671,883,999,151,112,1.76,True,-
448,835,999,119,83,1.62,True,-
456,806,999,125,89,1.66,False,-
483,787,999,137,117,1.51,True,-
572,789,999,146,114,1.77,False,-
764,775,999,146,138,1.52,True,-
503,804,999,144,123,1.6,False,-
481,794,999,146,125,1.46,True,-
817,796,999,163,108,1.84,True,-
925,780,999,169,133,1.8,True,-
549,793,999,161,122,1.57,True,-
122,208,353,366,355,1.34,False,o
119,212,365,390,357,1.35,False,o
173,208,371,371,353,1.36,False,o
170,210,356,337,348,1.35,False,o
156,207,365,352,350,1.36,False,o
155,214,359,349,346,1.33,False,o
159,211,359,374,351,1.35,False,o
154,209,347,371,355,1.34,False,o
159,208,365,327,352,1.37,False,o
169,205,365,344,347,1.33,False,o
160,210,365,343,340,1.34,False,o
138,209,365,361,347,1.35,False,o
155,210,371,384,355,1.36,False,o
184,207,350,382,360,1.35,False,o
186,210,383,332,347,1.36,False,o
164,212,371,339,353,1.37,False,o
180,210,374,362,351,1.36,False,o
188,216,374,375,357,1.37,False,o
194,212,365,394,360,1.34,False,o
171,213,377,377,358,1.36,False,o
180,210,392,350,355,1.36,False,o
164,211,353,353,358,1.38,False,o
169,213,371,368,358,1.36,False,o
184,213,386,385,356,1.35,False,o
175,216,374,393,358,1.34,False,o
140,214,371,345,350,1.36,False,o
194,216,398,339,351,1.37,False,o
175,216,368,350,348,1.36,False,o
159,214,368,348,354,1.36,False,o
139,213,374,393,359,1.37,False,o
999,844,999,999,316,1.09,False,p
999,835,999,999,321,1.08,False,p
999,845,999,999,315,1.09,False,p
999,821,999,999,306,1.09,False,p
999,807,999,999,321,1.08,False,p
999,815,999,999,325,1.08,False,p
999,824,999,999,321,1.09,False,p
999,821,999,999,322,1.08,False,p
999,815,999,999,323,1.09,False,p
999,816,999,999,321,1.08,False,p
999,807,999,999,317,1.09,False,p
999,814,999,999,320,1.08,False,p
999,821,999,999,317,1.08,False,p
999,817,999,999,320,1.08,False,p
999,823,999,999,318,1.09,False,p
999,796,999,999,321,1.09,False,p
999,783,999,999,323,1.07,False,p
999,783,999,999,323,1.09,False,p
999,781,999,999,324,1.08,False,p
999,770,999,999,321,1.08,False,p
999,767,999,999,325,1.06,False,p
999,752,999,999,325,1.08,False,p
999,770,999,999,323,1.08,False,p
999,773,999,999,321,1.07,False,p
999,770,999,999,324,1.07,False,p
999,761,999,999,325,1.09,False,p
999,766,999,999,316,1.08,False,p
999,762,999,999,323,1.08,False,p
999,756,999,999,320,1.08,False,p
999,762,999,999,323,1.09,False,p
999,486,169,279,301,1.27,True,q
999,592,180,236,296,1.76,True,q
999,535,163,240,310,0.99,True,q
999,501,180,323,312,1.77,False,q
999,495,174,277,310,0.38,True,q
999,553,186,255,300,1.84,True,q
999,538,195,310,315,0.98,True,q
999,485,171,336,317,1.44,False,q
999,500,183,264,323,0.67,True,q
999,527,180,245,318,1.85,True,q
999,526,174,326,298,1.67,True,q
999,495,192,337,325,1.32,True,q
999,587,180,280,325,1.22,True,q
999,592,169,295,321,1.77,True,q
999,532,169,317,318,1.56,False,q
999,489,169,322,319,1.07,True,q
999,558,180,310,336,1.92,False,q
999,518,163,341,333,1.51,True,q
999,483,169,332,321,1.48,False,q
999,514,174,313,336,1.02,True,q
999,552,180,313,327,1.91,True,q
999,505,163,347,329,1.63,True,q
999,488,174,340,338,1.55,True,q
999,565,171,326,343,1.85,False,q
999,567,160,338,336,1.76,True,q
999,571,174,369,331,1.58,True,q
999,550,186,351,331,1.2,True,q
999,576,171,348,338,1.88,False,q
999,543,180,349,333,1.46,True,q
999,523,207,374,341,1.61,False,q
126,833,562,11,372,1.03,False,r
95,824,574,9,374,1.03,False,r
103,823,550,9,379,1.01,False,r
89,821,571,11,355,1.03,False,r
108,818,541,10,329,1.02,False,r
96,835,544,6,329,1.03,False,r
97,825,535,6,334,1.0,False,r
90,823,547,7,326,1.03,False,r
91,821,544,8,360,1.04,False,r
90,798,547,8,320,1.01,False,r
82,794,541,6,316,1.02,False,r
93,826,553,10,322,1.02,False,r
117,818,532,5,322,1.02,False,r
100,816,526,0,308,1.02,False,r
70,816,529,0,296,1.03,False,r
54,823,541,3,306,1.01,False,r
72,812,521,10,339,0.98,False,r
58,839,515,12,321,1.03,False,r
55,827,482,12,323,1.01,False,r
49,823,497,13,325,1.01,False,r
47,827,494,6,298,1.03,False,r
48,972,374,7,296,0.97,False,r
76,894,300,3,300,1.02,False,r
64,886,267,5,299,1.0,False,r
55,898,270,6,314,1.04,False,r
60,928,270,7,321,1.05,False,r
41,930,270,12,337,1.03,False,r
72,918,294,16,336,1.02,False,r
76,907,294,16,361,1.07,False,r
91,934,321,16,372,1.04,False,r
439,194,300,122,161,1.09,False,s
449,186,318,123,161,1.09,False,s
485,204,315,125,160,1.08,False,s
479,200,312,123,159,1.09,False,s
474,193,315,124,161,1.08,False,s
488,196,318,129,159,1.06,False,s
533,211,330,128,158,1.09,False,s
502,200,318,123,161,1.07,False,s
479,192,327,125,160,1.08,False,s
481,190,312,126,166,1.1,False,s
486,189,312,125,166,1.08,False,s
492,202,359,130,164,1.08,False,s
487,211,347,123,153,1.07,False,s
453,200,333,129,144,1.09,False,s
424,181,315,122,145,1.09,False,s
457,179,312,124,143,1.09,False,s
456,185,318,124,145,1.08,False,s
492,189,327,131,148,1.09,False,s
470,181,312,124,144,1.09,False,s
474,177,306,127,142,1.08,False,s
479,179,303,129,156,1.07,False,s
472,182,306,132,149,1.09,False,s
479,182,306,132,156,1.08,False,s
506,190,333,131,149,1.09,False,s
558,190,306,131,156,1.1,False,s
561,192,306,133,156,1.09,False,s
550,200,318,131,153,1.07,False,s
567,200,318,132,160,1.09,False,s
571,203,338,133,156,1.08,False,s
571,202,338,132,160,1.1,False,s
0,316,711,159,946,1.26,False,t
0,313,699,166,947,1.23,False,t
0,319,690,170,934,1.18,False,t
0,319,687,165,937,1.19,False,t
0,320,687,166,930,1.28,False,t
0,317,702,165,916,1.17,False,t
0,305,696,165,915,1.19,False,t
0,309,717,166,911,1.21,False,t
0,305,696,162,912,1.22,False,t
0,308,717,161,904,1.19,False,t
0,308,705,160,903,1.18,False,t
0,318,828,160,893,1.21,False,t
0,333,837,157,792,1.23,False,t
0,335,777,144,654,1.18,False,t
0,317,705,153,719,1.24,False,t
0,318,682,137,652,1.26,False,t
0,319,607,131,577,1.23,False,t
0,311,538,116,549,1.25,False,t
0,308,553,110,534,1.24,False,t
0,309,538,111,545,1.26,False,t
0,307,529,101,608,1.25,False,t
0,305,521,103,596,1.27,False,t
0,304,518,102,588,1.26,False,t
0,304,506,103,574,1.25,False,t
0,300,509,102,541,1.26,False,t
0,304,491,104,543,1.27,False,t
0,305,518,111,561,1.27,False,t
0,307,503,120,573,1.28,False,t
0,312,518,123,627,1.27,False,t
0,309,529,125,613,1.26,False,t
999,999,999,0,216,1.05,False,u
999,999,999,0,220,1.05,False,u
999,999,999,0,231,1.08,False,u
999,999,999,0,216,1.06,False,u
990,999,999,0,218,1.06,False,u
999,999,999,0,218,1.04,False,u
977,999,999,0,213,1.05,False,u
999,999,999,0,216,1.04,False,u
999,999,999,0,219,1.05,False,u
999,999,999,0,213,1.04,False,u
999,999,999,0,211,1.06,False,u
999,999,999,0,174,1.04,False,u
999,999,999,0,183,1.04,False,u
999,999,999,0,191,1.06,False,u
988,999,999,0,189,1.04,False,u
999,999,999,0,176,1.03,False,u
999,999,999,0,169,1.04,False,u
999,999,999,0,152,1.05,False,u
998,999,999,0,150,1.05,False,u
955,999,999,0,149,1.04,False,u
999,999,999,0,174,1.03,False,u
986,999,999,0,166,1.06,False,u
970,999,999,0,166,1.03,False,u
999,999,999,0,158,1.02,False,u
999,999,999,0,160,1.04,False,u
999,999,999,0,164,1.04,False,u
966,999,999,0,157,1.01,False,u
916,999,999,0,168,1.03,False,u
999,999,999,0,158,1.04,False,u
999,999,999,0,156,1.02,False,u
999,999,999,0,406,1.13,False,v
999,999,999,0,413,1.11,False,v
999,999,999,0,402,1.15,False,v
999,999,999,0,397,1.13,False,v
999,999,999,0,370,1.12,False,v
999,999,999,0,405,1.12,False,v
999,999,999,0,414,1.14,False,v
999,999,999,0,411,1.1,False,v
999,999,999,0,419,1.13,False,v
999,999,999,0,418,1.11,False,v
999,999,999,0,429,1.13,False,v
999,999,999,0,432,1.13,False,v
999,951,999,0,426,1.08,False,v
999,966,999,0,420,1.13,False,v
999,951,999,0,403,1.15,False,v
999,933,999,0,406,1.14,False,v
999,941,999,0,421,1.13,False,v
999,966,999,0,415,1.2,False,v
999,973,999,3,423,1.1,False,v
999,946,999,4,436,1.16,False,v
999,940,999,1,431,1.13,False,v
999,959,999,5,418,1.14,False,v
999,991,999,6,423,1.16,False,v
999,999,999,6,432,1.19,False,v
999,999,999,5,431,1.17,False,v
999,999,999,6,426,1.18,False,v
999,999,999,6,436,1.14,False,v
999,999,999,6,448,1.17,False,v
999,999,999,8,457,1.18,False,v
999,999,999,14,456,1.15,False,v
472,999,999,956,13,1.15,False,w
503,999,999,967,18,1.17,False,w
477,999,999,999,16,1.17,False,w
442,999,999,999,18,1.18,False,w
498,999,999,999,17,1.18,False,w
478,999,999,982,28,1.18,False,w
442,999,999,989,24,1.18,False,w
442,999,999,999,13,1.19,False,w
439,999,999,999,2,1.18,False,w
475,972,999,999,0,1.17,False,w
467,951,999,999,12,1.19,False,w
461,958,999,999,13,1.16,False,w
487,946,999,999,8,1.18,False,w
508,965,999,999,1,1.17,False,w
503,967,999,993,0,1.16,False,w
494,956,999,999,0,1.18,False,w
450,943,999,996,3,1.17,False,w
472,962,999,999,0,1.19,False,w
501,966,999,999,8,1.17,False,w
500,999,999,999,0,1.16,False,w
523,999,999,999,0,1.18,False,w
496,999,999,999,5,1.19,False,w
479,999,999,999,10,1.17,False,w
494,999,999,999,8,1.19,False,w
498,999,999,999,10,1.18,False,w
493,999,999,999,5,1.19,False,w
502,999,999,999,0,1.17,False,w
499,999,999,999,2,1.19,False,w
508,999,999,999,3,1.19,False,w
520,999,999,999,0,1.17,False,w
950,82,222,552,418,1.19,False,x
999,82,246,555,418,1.18,False,x
999,85,249,539,413,1.38,False,x
999,88,252,562,417,1.34,False,x
972,85,255,613,417,1.09,False,x
979,88,258,586,414,1.41,False,x
957,90,255,573,415,1.13,False,x
952,82,243,538,392,1.13,False,x
984,84,219,515,391,1.42,False,x
999,79,231,499,385,1.58,False,x
987,71,240,501,384,1.09,False,x
959,69,228,483,374,1.24,False,x
916,70,240,496,382,1.33,False,x
920,68,216,472,379,1.22,False,x
920,70,225,477,374,1.27,False,x
944,75,210,471,363,1.42,False,x
764,76,204,461,394,1.24,True,x
906,79,231,460,368,1.51,False,x
951,80,231,493,409,1.39,False,x
929,82,246,498,434,1.55,False,x
932,85,222,471,376,1.39,False,x
948,78,183,494,367,1.36,False,x
999,79,216,485,368,1.87,False,x
999,80,231,529,405,1.34,False,x
961,82,258,557,409,1.46,False,x
917,82,276,545,407,1.61,False,x
953,89,276,554,398,1.35,False,x
999,91,249,550,369,1.55,False,x
999,93,252,539,401,1.44,False,x
966,88,261,584,411,1.34,False,x
742,76,222,687,445,0.87,False,x
717,70,222,666,407,1.32,False,x
733,76,222,684,403,1.94,False,x
710,69,204,680,419,1.37,False,x
767,69,222,692,437,1.28,False,x
721,70,243,669,425,1.43,False,x
725,73,225,672,410,2.38,True,x
816,70,246,666,407,1.83,False,x
797,74,222,675,408,1.44,False,x
812,78,255,692,441,1.37,False,x
903,80,252,667,418,1.16,False,x
901,79,216,667,438,2.57,False,x
768,82,240,660,403,1.48,False,x
882,88,255,690,441,1.06,False,x
921,88,252,663,416,1.43,False,x
962,86,243,661,402,2.39,False,x
813,86,228,657,407,1.33,False,x
775,106,270,688,446,0.92,False,x
841,95,264,662,418,1.26,False,x
838,88,267,650,403,2.12,False,x
868,98,252,652,401,1.19,False,x
841,105,246,694,403,0.36,False,x
750,111,312,664,428,1.44,False,x
978,100,264,657,407,1.59,False,x
810,103,246,638,398,1.17,False,x
938,118,273,667,401,0.37,False,x
912,120,291,667,425,1.04,False,x
900,126,276,650,387,2.11,True,x
721,120,252,636,438,1.61,False,x
936,117,288,698,405,0.58,True,x
947,767,999,999,901,1.04,False,y
946,766,999,999,888,1.08,False,y
952,757,999,999,890,1.07,False,y
951,757,999,999,901,1.07,False,y
908,766,999,999,885,1.06,False,y
893,774,999,999,918,1.07,False,y
904,777,999,999,931,1.06,False,y
944,783,999,999,907,1.06,False,y
929,789,999,999,915,1.08,False,y
911,779,999,999,942,1.08,False,y
908,775,999,999,943,1.08,False,y
963,782,999,999,929,1.08,False,y
890,772,999,999,935,1.06,False,y
883,775,999,999,942,1.06,False,y
882,783,999,999,916,1.07,False,y
967,881,999,999,859,1.11,False,y
952,849,999,999,913,1.08,False,y
880,896,999,999,913,1.06,False,y
854,844,999,999,906,1.09,False,y
900,760,999,999,919,1.07,False,y
906,782,999,999,915,1.08,False,y
890,788,999,999,905,1.05,False,y
896,770,999,999,907,1.08,False,y
908,747,999,999,886,1.07,False,y
999,800,999,840,885,1.06,False,y
996,421,840,396,999,1.05,False,y
967,234,646,370,999,1.09,False,y
973,185,538,355,929,1.0,False,y
971,183,452,354,893,1.07,False,y
973,179,365,366,962,1.06,False,y
467,999,476,201,337,0.96,False,z
560,959,485,174,360,1.89,True,z
564,969,389,155,355,2.38,False,z
539,973,341,155,343,1.73,True,z
501,982,318,177,355,0.57,False,z
754,953,327,181,370,1.75,True,z
586,970,365,161,368,2.87,False,z
557,999,404,152,355,1.49,True,z
475,999,458,182,352,0.76,False,z
999,999,485,167,360,2.87,True,z
560,999,497,180,356,2.07,True,z
289,999,482,200,360,1.29,False,z
622,999,497,192,345,1.3,True,z
611,999,476,172,357,2.73,False,z
590,999,449,171,354,2.08,True,z
529,999,491,200,346,1.25,True,z
511,999,491,203,344,1.15,True,z
999,999,464,184,347,2.64,False,z
619,999,515,203,337,1.74,True,z
481,999,494,215,415,0.77,False,z
558,999,491,169,398,2.87,True,z
473,926,383,149,387,2.09,True,z
374,888,335,182,374,0.91,False,z
387,839,282,191,382,1.15,True,z
601,670,264,140,360,2.87,False,z
558,676,222,145,370,1.69,True,z
289,694,282,176,426,0.11,False,z
837,685,255,164,409,2.3,True,z
559,690,258,148,379,2.45,True,z
535,728,228,151,378,1.22,True,z
